SP_ENTITY_NAME,SP_ENTITY_ID,MI_INDUSTRY_CLASSIFICATION,SP_GEOGRAPHY,SP_COUNTRY_NAME,SP_TOTAL_ASSETS,SP_TOTAL_DEBT,SP_MARKETCAP,SP_TOTAL_EQUITY,SP_DEBT_TO_EQUITY
101 Montri Storage Property Fund,5730509,Industrial REIT,Asia-Pacific,Thailand,516016,0,NA,501314,NA
151 Property,4143493,Diversified REIT,Asia-Pacific,Australia,962271,489939,NA,381472,1.28
1515 Broadway Realty Corp.,5810828,Office REIT,United States and Canada,USA,544477,462897,NA,74654,NA
"2020 Co., Ltd.",14393458,Healthcare REIT,Asia-Pacific,Japan,NA,NA,NA,NA,NA
360 Capital REIT,5736952,Diversified REIT,Asia-Pacific,Australia,168276,0,128.7,157078,NA
"A REIT, Inc.",4091498,Diversified REIT,United States and Canada,USA,NA,NA,NA,NA,NA
A Self-Administered Real Estate Investment Trust Inc.,4864318,Diversified REIT,Asia-Pacific,South Korea,43097,242,46,36650,0.01
Abacus Property Group,4143476,Diversified REIT,Asia-Pacific,Australia,4059057,988525,3061.1,2901879,0.34
"ABKB Eastern States Properties, Inc.",4049117,Diversified REIT,United States and Canada,USA,NA,NA,NA,NA,NA
Acadia Realty Trust,103085,Retail REIT,United States and Canada,USA,4186882,1858942,1993.3,2048553,0.91
Acanthe Développement,4143661,Office REIT,Europe,France,189397,30754,80,148190,0.21
Accel Equity Group,27688814,Residential REIT,United States and Canada,USA,NA,NA,NA,NA,NA
Activia Properties Inc.,4325513,Diversified REIT,Asia-Pacific,Japan,525379,244150,370.7,255582,0.96
"Adaptive Real Estate Income Trust, Inc.",4169623,Diversified REIT,United States and Canada,USA,202,0,NA,158,NA
Adoyen,27640422,Specialty REIT,United States and Canada,USA,NA,NA,NA,NA,NA
Adriano Care Socimi S.A.,28974652,Healthcare REIT,Europe,Spain,NA,NA,130.8,NA,NA
Advance Residence Investment Corporation,4214347,Residential REIT,Asia-Pacific,Japan,89886,52000,NA,37442,1.39
Advance Residence Investment Corporation,4252561,Residential REIT,Asia-Pacific,Japan,458579,220788,513.1,230967,0.96
Advance Terrafund REIT,4862568,Specialty REIT,Europe,Bulgaria,249254,0,233.2,237035,NA
Adventus Realty Trust,5858646,Specialty REIT,United States and Canada,Canada,NA,NA,NA,NA,NA
"Advero Properties SOCIMI, S.A.",19287996,Residential REIT,Europe,Spain,26102,3760,22.3,21889,0.17
Advisors REIT I Inc.,4101419,Diversified REIT,United States and Canada,USA,58,80,NA,(101),NA
Aedes SIIQ S.p.A.,11005709,Diversified REIT,Europe,Italy,475400,201295,48.4,241241,0.83
Aedifica SA,4279771,Healthcare REIT,Europe,Belgium,4067175,1720329,4175.4,2172936,0.79
Aegis Residence REITs,20664849,Residential REIT,Asia-Pacific,South Korea,NA,NA,NA,NA,NA
"AEI Core Property Income Trust, Inc.",4298146,Diversified REIT,United States and Canada,USA,201,0,NA,200,NA
AEON REIT Investment Corporation,4415807,Retail REIT,Asia-Pacific,Japan,386530,159800,307.9,211008,0.76
Aesir Capital Pty Ltd,5881888,Diversified REIT,Asia-Pacific,Australia,NA,NA,NA,NA,NA
AEW UK REIT plc,4863330,Diversified REIT,Europe,United Kingdom,200831,39814,172.7,157079,0.25
Affine,4143667,Diversified REIT,Europe,France,835447,473923,NA,309296,1.53
AffiParis,4260336,Office REIT,Europe,France,91,19869,NA,"(20,526)",NA
"Agartha Real Estate SOCIMI, S.A.U.",15076234,Office REIT,Europe,Spain,21125,10947,NA,8530,1.28
Agellan Commercial Real Estate Investment Trust,4343595,Diversified REIT,United States and Canada,Canada,832768,402420,NA,373925,1.08
Agree Realty Corporation,103154,Retail REIT,United States and Canada,USA,3886183,1235166,4821.6,2526249,0.49
Agricultural Land Trust,4863567,Self-Storage REIT,Asia-Pacific,Australia,33552,150453,2.7,"(122,174)",(1.23)
Agro Finance REIT,7059524,Specialty REIT,Europe,Bulgaria,70422,40,119.2,60417,0
Agroenergy Invest REIT,5000561,Diversified REIT,Europe,Bulgaria,59260,9863,NA,48939,0.2
Agroenergy REIT Sofia,4979230,Specialty REIT,Europe,Bulgaria,24083,532,NA,23502,0.02
AIM Commercial Growth Freehold And Leasehold Real Estate Investment Trust,13931834,Industrial REIT,Asia-Pacific,Thailand,3421128,312034,1713.6,2982223,0.11
AIM Industrial Growth Freehold and Leasehold Real Estate Investment Trust,9370616,Industrial REIT,Asia-Pacific,Thailand,7485969,2149691,7800.8,5162828,0.42
Aimco Op L.P.,26346828,Residential REIT,United States and Canada,USA,NA,NA,NA,NA,NA
AIMS APAC REIT,4188470,Industrial REIT,Asia-Pacific,Singapore,1846581,686745,1054.1,1087371,0.63
Aims Property Securities Fund,7058987,Diversified REIT,Asia-Pacific,Australia,122245,0,55.6,122100,NA
Akfen Gayrimenkul Yatırım Ortaklığı A.Ş.,4288332,Hotel REIT,Europe,Turkey,2903965,1917134,1964.5,717955,2.67
Akis Gayrimenkul Yatirim Ortakligi A.S.,4864268,Diversified REIT,Europe,Turkey,6104878,2457701,1449,3607214,0.68
Akis REIT,5866700,Diversified REIT,Europe,Turkey,NA,NA,NA,NA,NA
Akmerkez Gayrimenkul Yatirim Ortakligi A.S.,4863929,Retail REIT,Europe,Turkey,265747,0,1357.9,240135,NA
Akoya Reitco Ltd.,20248229,Diversified REIT,Europe,United Kingdom,196492,113550,NA,78913,NA
Aktiv Properties REIT,4863941,Diversified REIT,Europe,Bulgaria,NA,NA,17.5,NA,NA
AL Sub-REIT,9898415,Specialty REIT,United States and Canada,USA,NA,NA,NA,NA,NA
Al-'Aqar Healthcare REIT,4864002,Healthcare REIT,Asia-Pacific,Malaysia,1647986,683587,897.9,943490,0.73
Alarko Gayrimenkul Yatirim Ortakliği A.Ş.,4233946,Diversified REIT,Europe,Turkey,1827245,6281,1446,1810095,0
ALE Property Group,4620257,Specialty REIT,Asia-Pacific,Australia,1339975,540894,1122.6,742984,0.73
"Alexander & Baldwin, Inc.",4008292,Diversified REIT,United States and Canada,USA,2036000,705500,1792.6,1096100,0.64
Alexander Dobrovinsky & Partners,10639180,Diversified REIT,Europe,Russia,NA,NA,NA,NA,NA
"Alexander's, Inc.",107230,Retail REIT,United States and Canada,USA,1404138,1160406,1459.6,203228,5.71
"Alexandria Real Estate Equities, Inc.",111908,Office REIT,United States and Canada,USA,22827878,7909036,31728.1,13432436,0.59
Alfa Property 1 REIT-Sofia,5760138,Diversified REIT,Europe,Bulgaria,NA,NA,NA,NA,NA
Al-Hadharah Boustead REIT,5760299,Self-Storage REIT,Asia-Pacific,Malaysia,1348010,190012,NA,1145673,0.17
Alina Holdings Plc,4163935,Retail REIT,Europe,United Kingdom,7393,321,4.3,6527,0.05
"All Iron Re I Socimi, S.A.",20262039,Hotel REIT,Europe,Spain,93561,26377,109,65500,0.4
Alliance Developpement Capital SIIC,4279607,Residential REIT,Europe,Belgium,80155,547,13.6,56797,0.01
Allied Properties Real Estate Investment Trust,4105044,Office REIT,United States and Canada,Canada,9400768,2882530,5449.3,6177032,0.47
Ally Leasehold Real Estate Investment Trust,4864409,Retail REIT,Asia-Pacific,Thailand,12250874,3300089,6337.2,8377649,0.39
"Almagro Capital SOCIMI, S.A.",13420492,Residential REIT,Europe,Spain,51828,12059,97.6,39053,0.31
Alpha Capital Partners LLC,14773680,Residential REIT,United States and Canada,USA,NA,NA,NA,NA,NA
Alpha Pyrenees Trust Limited,4216647,Diversified REIT,Europe,United Kingdom,9274,76984,NA,"(74,710)",NM
Alpha Real Estate Investment Trust,7319459,Self-Storage REIT,Asia-Pacific,Malaysia,NA,NA,NA,NA,NA
Alphastone Investments,13443213,Diversified REIT,Europe,Belgium,NA,NA,NA,NA,NA
"Alpine Income Property OP, LP",19500071,Diversified REIT,United States and Canada,USA,NA,NA,NA,NA,NA
"Alpine Income Property Trust, Inc.",19353248,Diversified REIT,United States and Canada,USA,262240,106809,213.4,149093,0.72
Al-Salām Real Estate Investment Trust,4626731,Diversified REIT,Asia-Pacific,Malaysia,1254554,633856,290,597381,1.06
alstria office REIT-AG,4160242,Office REIT,Europe,Germany,5090249,1690526,2901.6,3252442,0.52
"Alta Bay Capital, LLC",22112839,Residential REIT,United States and Canada,USA,NA,NA,NA,NA,NA
Altarea S.A.,7783323,Retail REIT,Europe,France,14217,624,NA,13092,0.05
Altarea SCA,4159301,Residential REIT,Europe,France,8950000,4042800,3435.3,2716700,1.49
Alternative Income REIT Plc,6662447,Diversified REIT,Europe,United Kingdom,112823,40889,58.6,68893,0.59
Alteron REIT,5784819,Self-Storage REIT,Europe,Bulgaria,63086,23551,32.2,38308,0.62
Amanah Harta Tanah PNB,4980329,Diversified REIT,Asia-Pacific,Malaysia,457540,163288,NA,282132,0.58
Amanah Harta Tanah PNB 2,5747545,Office REIT,Asia-Pacific,Malaysia,98962,0,NA,97214,NA
AmanahRaya Real Estate Investment Trust,4864025,Diversified REIT,Asia-Pacific,Malaysia,1434826,643564,386.9,746852,0.86
Amata Summit Growth Freehold and Leasehold Real Estate Investment Trust,4864491,Industrial REIT,Asia-Pacific,Thailand,4934946,1200000,3203.1,3597392,0.33
AMB Property Corporation,113661,Industrial REIT,United States and Canada,USA,7372895,3331299,NA,3702122,0.9
"Ambassador Apartments, Inc.",103210,Residential REIT,United States and Canada,USA,530176,387649,NA,104480,3.71
"America First Apartment Investors, Inc.",4076915,Residential REIT,United States and Canada,USA,385764,264889,NA,106671,2.48
"America First Apartment Investors, L.P.",4076916,Residential REIT,United States and Canada,USA,NA,NA,NA,NA,NA
"America First REIT, Inc.",103059,Residential REIT,United States and Canada,USA,113456,52768,NA,56719,0.93
"American Assets Trust, Inc.",4270741,Diversified REIT,United States and Canada,USA,2817309,1436811,2371.7,1253406,1.15
American Campus Communities Operating Partnership LP,4324226,Residential REIT,United States and Canada,USA,7531160,4089845,NA,3181104,1.29
"American Campus Communities, Inc.",4092925,Residential REIT,United States and Canada,USA,7531160,4079634,7126.3,3156537,1.29
American Community Properties Trust,7058598,Residential REIT,United States and Canada,USA,501,NA,NA,269,NA
American Farmland Company,4589976,Specialty REIT,United States and Canada,USA,233429,75000,NA,150366,0.5
"American Finance Trust, Inc.",4380201,Retail REIT,United States and Canada,USA,3607967,1790892,1004.1,1699599,1.05
American Financial Realty Trust,4082048,Office REIT,United States and Canada,USA,3231378,2195198,NA,606417,3.62
American General Hospitality Corporation,4979232,Hotel REIT,United States and Canada,USA,585088,77452,NA,486606,0.16
"American Health Properties, Inc.",102917,Healthcare REIT,United States and Canada,USA,753842,308936,NA,410865,0.75
American Homes 4 Rent,4392539,Residential REIT,United States and Canada,USA,9593625,2836578,13033.2,6472430,0.44
"American Homes 4 Rent, L.P.",4413987,Residential REIT,United States and Canada,USA,9593625,2836578,NA,6472430,0.44
"American Homes 4 Rent, LLC",7060996,Residential REIT,United States and Canada,USA,NA,NA,NA,NA,NA
American Hotel Income Properties REIT Inc.,5839795,Hotel REIT,United States and Canada,USA,NA,NA,NA,NA,NA
American Hotel Income Properties REIT LP,4355829,Hotel REIT,United States and Canada,Canada,1193906,782435,334.2,341714,2.29
"American Housing Income Trust, Inc.",7094035,Residential REIT,United States and Canada,USA,0,0,NA,0,NA
American Industrial Properties REIT,103023,Industrial REIT,United States and Canada,USA,592038,284924,NA,265202,1.07
"American Investment Holdings, LLC",5869099,Diversified REIT,United States and Canada,USA,NA,NA,NA,NA,NA
"American Land Lease, Inc.",102919,Residential REIT,United States and Canada,USA,436533,270902,NA,139004,1.95
"American Realty Capital - Retail Centers of America, Inc.",4270818,Retail REIT,United States and Canada,USA,1223856,434361,NA,693048,0.63
"American Realty Capital Daily Net Asset Value Trust, Inc.",4273243,Office REIT,United States and Canada,USA,36398,16246,NA,16636,0.98
"American Realty Capital Global Trust II, Inc.",4543601,Diversified REIT,United States and Canada,USA,671414,441143,NA,200131,2.2
"American Realty Capital Healthcare Trust III, Inc.",4542233,Healthcare REIT,United States and Canada,USA,127113,0,NA,14881,0
"American Realty Capital Healthcare Trust, Inc.",4265962,Healthcare REIT,United States and Canada,USA,1734573,262117,NA,1435744,0.18
"American Realty Capital Operating Partnership Ii, L.P.",4383388,Office REIT,United States and Canada,USA,NA,NA,NA,NA,NA
"American Realty Capital Trust III, Inc.",4274827,Diversified REIT,United States and Canada,USA,NA,160852,NA,1478123,0.11
"American Realty Capital Trust IV, Inc.",4317009,Diversified REIT,United States and Canada,USA,216743,0,NA,214010,0
"American Realty Capital Trust, Inc.",4170972,Diversified REIT,United States and Canada,USA,2130575,684657,NA,1400204,0.49
"American Residential Properties, Inc.",4383076,Residential REIT,United States and Canada,USA,1352395,796070,NA,516431,1.54
American Tower Corporation (REIT),4290489,Specialty REIT,United States and Canada,USA,47233500,36711800,129464.9,4568400,8.04
"American Tower, L.P.",4383586,Specialty REIT,United States and Canada,USA,NA,NA,NA,NA,NA
Americana Hotels and Realty Corporation,102918,Hotel REIT,United States and Canada,USA,7295,1121,NA,5629,0.2
Americold Realty Operating Partnership L.P.,5841636,Industrial REIT,United States and Canada,USA,NA,NA,NA,NA,NA
Americold Realty Trust,4247582,Industrial REIT,United States and Canada,USA,7831151,3228399,7824.5,3792821,0.85
AmeriVest Properties Inc.,106937,Office REIT,United States and Canada,USA,283910,185804,NA,83417,2.23
AmFirst Property Trust,5742806,Office REIT,Asia-Pacific,Malaysia,203349,0,NA,196688,NA
AmFirst Real Estate Investment Trust,4864037,Office REIT,Asia-Pacific,Malaysia,1673720,815024,271.1,823632,0.99
AMLI Residential Properties Trust,103157,Residential REIT,United States and Canada,USA,1323423,653901,NA,491524,1.33
"AMLI Residential Properties, L.P.",4064454,Residential REIT,United States and Canada,USA,NA,NA,NA,NA,NA
AmmerlÄNder Wohnungsbau-Gesellschaft Mbh,7257385,Residential REIT,Europe,Germany,65202,NA,NA,35040,NA
AmREIT,103627,Retail REIT,United States and Canada,USA,327027,184352,NA,128624,1.43
"AmREIT, Inc.",4161790,Retail REIT,United States and Canada,USA,446581,199851,NA,227267,0.88
Andesite Capital Management,13993143,Diversified REIT,United States and Canada,USA,NA,NA,NA,NA,NA
"Andrew Wilder, Inc.",10569300,Specialty REIT,United States and Canada,USA,NA,NA,NA,NA,NA
ANF Immobilier,4217799,Diversified REIT,Europe,France,736690,274352,NA,431243,0.64
Angeles Mortgage Investment Trust,102920,Diversified REIT,United States and Canada,USA,46530,0,NA,45942,0
"Ap67 Socimi, S.A.",9998670,Diversified REIT,Europe,Spain,29011,22161,36.4,6332,3.5
Apartment Income REIT Corp.,103180,Residential REIT,United States and Canada,USA,6229278,4298369,8078.9,1308093,3.29
Apartment Investment and Management Company,25685256,Residential REIT,United States and Canada,USA,1840492,1082590,1113.5,559091,1.94
APL Japan Trust,5764876,Diversified REIT,Asia-Pacific,Singapore,NA,NA,NA,NA,NA
APN Convenience Retail REIT,6673445,Retail REIT,Asia-Pacific,Australia,646794,180769,489.8,453271,0.4
APN European Retail Property Group,4211652,Retail REIT,Asia-Pacific,Australia,10952,31013,NA,"(39,163)",(0.79)
APN Industria REIT,4417178,Industrial REIT,Asia-Pacific,Australia,1113559,381458,1089.7,695421,0.55
APN Property Group Limited,4270210,Diversified REIT,Asia-Pacific,Australia,141698,11202,NA,116840,0.1
"Apple Hospitality Five, Inc.",4081418,Hotel REIT,United States and Canada,USA,407808,4497,NA,400016,0.01
"Apple Hospitality REIT, Inc.",4187996,Hotel REIT,United States and Canada,USA,4829759,1714194,3585,3029347,0.57
"Apple Hospitality Two, Inc.",4064429,Hotel REIT,United States and Canada,USA,622693,353387,NA,255870,1.38
"Apple REIT Eight, Inc.",4153629,Hotel REIT,United States and Canada,USA,912864,264019,NA,619175,0.43
"Apple REIT Seven, Inc.",4102026,Hotel REIT,United States and Canada,USA,835503,198123,NA,624463,0.32
"Apple REIT Six, Inc.",4091186,Hotel REIT,United States and Canada,USA,740370,58417,NA,674647,0.09
"Apple REIT Ten, Inc.",4265719,Hotel REIT,United States and Canada,USA,968385,227287,NA,727746,0.31
"Apple Suites, Inc.",4047514,Hotel REIT,United States and Canada,USA,185177,77041,NA,104000,0.74
Appraised - Cloud Based Real Estate Appraisal Tool,13915687,Healthcare REIT,Europe,United Kingdom,NA,NA,NA,NA,NA
ARA LOGOS Logistics Trust,4381602,Industrial REIT,Asia-Pacific,Singapore,1412466,593592,1283.4,780092,0.76
ARA US Hospitality Trust,14949014,Hotel REIT,Asia-Pacific,Singapore,736405,354725,275.2,349176,1.02
ARA-NPS Real Estate Investment Company,5803128,Diversified REIT,Asia-Pacific,South Korea,NA,NA,NA,NA,NA
Arbor Property Trust,103110,Retail REIT,United States and Canada,USA,157357,130928,NA,18091,7.24
ARC Corporate Realty Trust Inc.,5749087,Retail REIT,United States and Canada,USA,7133,0,NA,2280,NA
Archstone Inc.,4305140,Residential REIT,United States and Canada,USA,17154659,13864470,NA,2518888,5.5
Archstone Smith Operating Trust,4090194,Residential REIT,United States and Canada,USA,NA,NA,NA,NA,NA
Archstone-Smith Trust,103005,Residential REIT,United States and Canada,USA,14375541,9435935,NA,4667717,2.02
Arcona Property Fund N.V.,4260848,Diversified REIT,Europe,Netherlands,94422,43331,28,42954,1.01
ARCTRUST,10421470,Industrial REIT,United States and Canada,USA,NA,NA,NA,NA,NA
Arden Realty Inc.,105385,Office REIT,United States and Canada,USA,2907870,1623821,NA,1153152,1.41
Arden Realty Limited Partnership,4064344,Office REIT,United States and Canada,USA,2907870,1623821,NA,1207434,1.35
"AREIT, Inc.",21852006,Office REIT,Asia-Pacific,Philippines,14630683,871844,42051.9,12338374,0.07
Arena REIT,4394001,Healthcare REIT,Asia-Pacific,Australia,1151511,240069,1521.9,878918,0.27
Argan SA,4279274,Specialty REIT,Europe,France,3393870,1785357,2439.4,1478570,1.21
Argo Real Estate Opportunities Fund Limited,4376311,Retail REIT,Europe,United Kingdom,483717,367798,NA,77773,4.73
Argosy Property Limited,4862274,Diversified REIT,Asia-Pacific,New Zealand,2156779,844855,1322.8,1280635,0.66
"Árima Real Estate SOCIMI, S.A.",11137169,Office REIT,Europe,Spain,414573,104078,251,301853,0.34
"Arimelia Itg Socimi, S.A.",29473564,Residential REIT,Europe,Spain,NA,NA,NA,NA,NA
"Armada Hoffler Properties, Inc.",4379352,Diversified REIT,United States and Canada,USA,1916971,1023458,814.2,756802,1.35
Armstrong Jones Office Fund,6618308,Office REIT,Asia-Pacific,Australia,505724,157000,NA,340984,0.46
"Aroca Del Pinar Socimi, S.A.",20260992,Diversified REIT,Europe,Spain,114829,77136,NA,34796,2.22
"ARRIENDA Rental Properties SOCIMI, S.A.",10971979,Diversified REIT,Europe,Spain,29378,5561,59.2,23138,0.24
Artesia Real Estate LLC,19421596,Specialty REIT,United States and Canada,USA,NA,NA,NA,NA,NA
Artis Real Estate Investment Trust,4143679,Diversified REIT,United States and Canada,Canada,4859841,2396902,1475.8,2333897,1.03
Ascencio SCA,4279772,Retail REIT,Europe,Belgium,713716,348715,329.8,349130,1
Ascendas Hospitality Real Estate Investment Trust,5848642,Hotel REIT,Asia-Pacific,Singapore,NA,NA,NA,NA,NA
Ascendas Hospitality Trust,4344563,Hotel REIT,Asia-Pacific,Singapore,1938365,643574,NA,1155655,0.56
Ascendas Real Estate Investment Trust,4143503,Industrial REIT,Asia-Pacific,Singapore,15123219,5291920,12836.7,9190553,0.58
Ascott Residence Trust,4188459,Hotel REIT,Asia-Pacific,Singapore,7163826,2750697,3371.2,4042070,0.68
Ashford Hospitality Limited Partnership,4383086,Hotel REIT,United States and Canada,USA,NA,NA,NA,NA,NA
"Ashford Hospitality Trust, Inc.",4088185,Hotel REIT,United States and Canada,USA,3734383,3774220,428.5,"(283,455)",NM
Ashtenne Holdings Ltd.,5742842,Industrial REIT,Europe,United Kingdom,172065,25168,NA,146867,NA
Asia Pacific Data Centre Group,4686005,Specialty REIT,Asia-Pacific,Australia,267136,28972,NA,232581,0.12
Asia Property Innovation,13580855,Retail REIT,Asia-Pacific,Thailand,NA,NA,NA,NA,NA
Asiaciti Trust Group Limited,14708667,Office REIT,Asia-Pacific,Singapore,NA,NA,NA,NA,NA
Asian Health Services,8514353,Diversified REIT,United States and Canada,USA,93543,NA,NA,79774,NA
Aspen Group,4260851,Diversified REIT,Asia-Pacific,Australia,246496,76764,214.3,152551,0.5
"Aspen REIT, Inc.",8574933,Hotel REIT,United States and Canada,USA,112471,99897,NA,500,199.65
ASR Investments Corporation,103103,Residential REIT,United States and Canada,USA,280743,173153,NA,96989,1.79
Asset Management Consultants Inc,7744436,Diversified REIT,United States and Canada,USA,NA,NA,NA,NA,NA
Asset Plus Limited,4861815,Diversified REIT,Asia-Pacific,New Zealand,178973,9400,121.5,162361,0.06
Associated Estates Realty Corporation,103102,Residential REIT,United States and Canada,USA,1465697,749113,NA,647576,1.16
Assura Financing plc,10518456,Healthcare REIT,Europe,United Kingdom,2416877,2029142,NA,326415,NA
Assura Plc,4143591,Healthcare REIT,Europe,United Kingdom,2557100,954200,1957.1,1530700,0.62
Astro Japan Property Group,6545053,Diversified REIT,Asia-Pacific,Australia,480314,0,NA,465442,NA
Astro Japan Property Trust,4143498,Diversified REIT,Asia-Pacific,Australia,480314,0,NA,465442,0
"Asturias Retail and Leisure SOCIMI, S.A.",4864518,Retail REIT,Europe,Spain,59333,NA,NA,33307,NA
Ata Gayrimenkul Yatirim Ortakligi A.S.,4772001,Retail REIT,Europe,Turkey,86955,50030,98.3,35175,1.42
Atakule Gayrimenkul Yatirim Ortakligi A.Ş.,4279277,Diversified REIT,Europe,Turkey,528414,28591,711,492594,0.06
ATCAP Partners,21807156,Diversified REIT,United States and Canada,USA,NA,NA,NA,NA,NA
Athena Investment Systems Inc,14625258,Healthcare REIT,United States and Canada,USA,NA,NA,NA,NA,NA
Atlantic Leaf Properties Limited,4686022,Industrial REIT,Europe,United Kingdom,358102,179497,NA,171135,1.05
Atlantic Realty Trust,103594,Retail REIT,United States and Canada,USA,89274,0,NA,80674,0
"Atom Hoteles SOCIMI, S.A.",9859791,Hotel REIT,Europe,Spain,663739,331597,308.3,316996,1.05
Atrium Real Estate Investment Trust,4864056,Industrial REIT,Asia-Pacific,Malaysia,504577,214831,296.7,265756,0.81
Auckland Real Estate Trust,4863947,Diversified REIT,Asia-Pacific,Australia,329115,179934,NA,141221,1.27
Australand Wholesale Property Trust No. 3,5751256,Diversified REIT,Asia-Pacific,Australia,NA,NA,NA,NA,NA
Australian Hotel Fund,5745929,Hotel REIT,Asia-Pacific,Australia,29861,8488,NA,19894,0.43
Australian Industrial REIT,4415910,Industrial REIT,Asia-Pacific,Australia,331123,113322,NA,205062,0.55
Australian Leisure & Entertainment Property Trust,5753028,Hotel REIT,Asia-Pacific,Australia,NA,NA,NA,NA,NA
Australian Prime Property Fund Retail,7437046,Retail REIT,Asia-Pacific,Australia,NA,NA,NA,NA,NA
Australian Unity Office Fund,4713414,Office REIT,Asia-Pacific,Australia,649376,190157,383,444832,0.43
Automotive Properties Real Estate Investment Trust,4599975,Specialty REIT,United States and Canada,Canada,936352,509405,519,391249,1.3
Automotive Realty Trust of America,4017338,Specialty REIT,United States and Canada,USA,NA,NA,NA,NA,NA
AutoZone Development Corporation,5780981,Retail REIT,United States and Canada,USA,NA,NA,NA,NA,NA
"Avalon Properties, Inc.",103101,Residential REIT,United States and Canada,USA,1529703,506129,NA,961010,0.53
"AvalonBay Communities, Inc.",103145,Residential REIT,United States and Canada,USA,19199144,7745816,32442.6,10752174,0.72
Aventus Group,4635985,Retail REIT,Asia-Pacific,Australia,2437400,693800,1986.1,1681100,0.41
AVIC Shougang Biomass Closed-End Infrastructure Securities Investment Fund,29248123,Self-Storage REIT,Asia-Pacific,China,3413663,262995,2843.3,1878394,0.14
Avista Real Estate Investment Trust,5748599,Diversified REIT,United States and Canada,Canada,376445,184105,NA,187227,0.98
"Avistone, LLC",5845157,Diversified REIT,United States and Canada,USA,NA,NA,NA,NA,NA
Aviv Healthcare Properties Limited Partnership,4384874,Specialty REIT,United States and Canada,USA,3345,NA,NA,3345,NA
"Aviv REIT, Inc.",4328838,Specialty REIT,United States and Canada,USA,2020430,1200710,NA,749948,1.6
Aviva Investors Secure Income REIT plc,9128993,Diversified REIT,Europe,United Kingdom,NA,NA,NA,NA,NA
Avrasya Gayrimenkul Yatirim Ortakligi Anonim Sirketi,4771980,Diversified REIT,Europe,Turkey,264113,0,206.5,262871,NA
Avva Technology,13707204,Healthcare REIT,Asia-Pacific,Singapore,NA,NA,NA,NA,NA
"AWH Partners, LLC",5822149,Hotel REIT,United States and Canada,USA,NA,NA,NA,NA,NA
"Axiare Patrimonio SOCIMI, S.A.",4547787,Office REIT,Europe,Spain,1941611,667010,NA,1242244,0.54
Axis Global Industrial Real Estate Investment Trust,5810436,Industrial REIT,Asia-Pacific,Malaysia,NA,NA,NA,NA,NA
Axis Real Estate Investment Trust,4535000,Diversified REIT,Asia-Pacific,Malaysia,3364083,1112183,2820.6,2123004,0.52
AyalaLand Commercial REIT Inc.,7576196,Diversified REIT,Asia-Pacific,Philippines,NA,NA,NA,NA,NA
"Azaria Rental SOCIMI, S.A.",10967787,Diversified REIT,Europe,Spain,97289,51358,82.3,34452,1.49
B.F. Saul Real Estate Investment Trust,4013244,Diversified REIT,United States and Canada,USA,16209189,3639982,NA,788582,NA
Bail Investissement SA,5742819,Diversified REIT,Europe,France,1973186,589104,NA,1239745,0.48
Baker Corporation,10568877,Specialty REIT,United States and Canada,USA,NA,NA,NA,NA,NA
Balkan and Sea Properties REIT-Varna,4862743,Residential REIT,Europe,Bulgaria,93491,39881,124.7,52564,0.76
Balkan Property Instruments REIT-Sofia,5777875,Diversified REIT,Europe,Bulgaria,NA,NA,NA,NA,NA
Balkanika Estates PLC,7535167,Diversified REIT,Europe,Bulgaria,NA,NA,NA,NA,NA
Balti Kinnisvaraportfell AS,7601371,Retail REIT,Europe,Estonia,NA,NA,NA,NA,NA
Baltic Horizon Fund,4756103,Diversified REIT,Europe,Finland,355602,205892,133.8,136321,1.51
Bangkok Commercial Property Fund,4863742,Office REIT,Asia-Pacific,Thailand,1394526,0,1100,1359089,NA
Bangpakok Hospital Group Leasehold Real Estate Investment Trust /,29616573,Diversified REIT,Asia-Pacific,Thailand,NA,NA,NA,NA,NA
Banyan Strategic Land Fund II,103033,Specialty REIT,United States and Canada,USA,21670,0,NA,21039,0
Banyan Strategic Realty Trust,103029,Retail REIT,United States and Canada,USA,7574,0,NA,6345,NA
"Barcino Property SOCIMI, S.A.",8292877,Residential REIT,Europe,Spain,40843,16935,39.2,20079,0.84
Barclay Hospitality Services Inc.,5748892,Hotel REIT,United States and Canada,USA,NA,NA,NA,NA,NA
"Basic U.S. REIT, Inc.",107426,Retail REIT,United States and Canada,USA,NA,NA,NA,NA,NA
Basobaas.com,10987480,Office REIT,Asia-Pacific,Nepal,NA,NA,NA,NA,NA
"Bay Hotels & Leisure SOCIMI, S.A.",7112351,Hotel REIT,Europe,Spain,1131409,303453,NA,658745,0.46
"Beacon Capital Partners, Inc.",4020706,Diversified REIT,United States and Canada,USA,403266,128627,NA,254890,0.5
Beacon Hill Property Group LLC,27472536,Diversified REIT,United States and Canada,USA,NA,NA,NA,NA,NA
Beacon Properties Corporation,103162,Office REIT,United States and Canada,USA,1779412,605212,NA,999150,0.61
"Bedford Property Investors, Inc.",102960,Diversified REIT,United States and Canada,USA,678721,296819,NA,321314,0.92
Befimmo SA,4143727,Office REIT,Europe,Belgium,2846488,1048361,952.6,1591404,0.66
"Behringer Harvard Opportunity OP I, LP",4383543,Diversified REIT,United States and Canada,USA,NA,NA,NA,NA,NA
"Behringer Harvard Opportunity REIT I, Inc.",4096725,Diversified REIT,United States and Canada,USA,254845,141882,NA,85795,1.65
"Beijing Haizhong Investment Management Co., Ltd.",15024717,Retail REIT,Asia-Pacific,China,NA,NA,NA,NA,NA
"Beijing Hezheng Lifang Investment Management Co., Ltd.",10976618,Diversified REIT,Asia-Pacific,China,NA,NA,NA,NA,NA
"Belpointe PREP, LLC",26194614,Diversified REIT,United States and Canada,USA,37282,35000,760.8,(102),NM
"Belpointe REIT, Inc.",13474130,Diversified REIT,United States and Canada,USA,93852,11991,NA,80507,0.15
Beni Stabili SpA SIIQ,4143793,Office REIT,Europe,Italy,4645844,2343470,NA,2197001,1.07
"Berkeley Income Trust, Inc.",4104152,Industrial REIT,United States and Canada,USA,NA,NA,NA,NA,NA
Berkshire Income Realty LLC,4080443,Residential REIT,United States and Canada,USA,521673,479035,NA,10674,44.88
"Berkshire Income Realty-OP, L.P.",4383555,Residential REIT,United States and Canada,USA,NA,NA,NA,NA,NA
"Berkshire Realty Company, Inc.",102925,Residential REIT,United States and Canada,USA,1008907,572699,NA,333018,1.72
Berus Ventures LLC,13735887,Healthcare REIT,United States and Canada,USA,NA,NA,NA,NA,NA
BestVPN,13631796,Residential REIT,Europe,United Kingdom,NA,NA,NA,NA,NA
BHG Retail REIT,4646416,Retail REIT,Asia-Pacific,Singapore,995155,291635,292.5,612443,0.48
Bhiraj Office Leasehold Real Estate Investment Trust,8263689,Office REIT,Asia-Pacific,Thailand,10511966,2414374,6640.8,7786220,0.31
Big Yellow Group Plc,4143568,Self-Storage REIT,Europe,United Kingdom,1842299,353366,2753.6,1453895,0.24
BioMed Realty LP,4156025,Office REIT,United States and Canada,USA,17702,NA,NA,10766,NA
"BioMed Realty Trust, Inc.",4092796,Office REIT,United States and Canada,USA,104,NA,NA,87,NA
"Bixby Land Company, Inc.",5747890,Diversified REIT,United States and Canada,USA,NA,NA,NA,NA,NA
Black Creek Diversified Property Fund Inc.,4101821,Diversified REIT,United States and Canada,USA,2111560,1467838,NA,497891,2.95
Black Creek Industrial REIT IV Inc.,4570715,Industrial REIT,United States and Canada,USA,1897428,579171,NA,1192815,0.49
"Blackstone Real Estate Income Trust, Inc.",4785368,Diversified REIT,United States and Canada,USA,40684015,22259946,NA,16183951,1.38
Bleecker SA,4289943,Diversified REIT,Europe,France,NA,NA,NA,NA,NA
Bleecker Société Anonyme,4862747,Diversified REIT,Europe,France,716956,342335,171,303049,1.13
BLF Real Estate Investment Trust,4544181,Residential REIT,United States and Canada,Canada,96683,71562,NA,22455,3.19
Blloc,13695325,Residential REIT,Europe,Germany,NA,NA,NA,NA,NA
"Blueprint Capital REIT, Inc.",4680812,Diversified REIT,United States and Canada,USA,NA,NA,NA,NA,NA
"Bluerock Residential Growth REIT, Inc.",4214866,Residential REIT,United States and Canada,USA,2489937,1562705,356.5,79800,19.58
BMO Commercial Property Trust Limited,4237197,Diversified REIT,Europe,United Kingdom,1272505,308303,765.7,939644,0.33
BMO Real Estate Investments Limited,4143596,Diversified REIT,Europe,United Kingdom,345240,89722,204.6,245810,0.37
"BNP Residential Properties, Inc.",102922,Residential REIT,United States and Canada,USA,524063,436712,NA,60429,7.23
Boardwalk Real Estate Investment Trust,4105048,Residential REIT,United States and Canada,Canada,6107744,3152836,2545.8,2876449,1.1
Boetzelen Real Estate AG,5762170,Retail REIT,Europe,Germany,199536,NA,NA,"(38,568)",NA
Bolkan Property Instruments REIT,5776715,Diversified REIT,Europe,Bulgaria,NA,NA,NA,NA,NA
Bosera China Merchants Shekou Industrial Zone,29248357,Industrial REIT,Asia-Pacific,China,737157340,118483472,2377.8,253357147,0.47
Boston Capital Real Estate Investment Trust Inc.,4089328,Residential REIT,United States and Canada,USA,183103,170558,NA,2377,71.75
Boston Properties LP,4064347,Office REIT,United States and Canada,USA,22586907,13485963,NA,8068329,1.67
"Boston Properties, Inc.",112885,Office REIT,United States and Canada,USA,22858190,13485963,18401.4,8339612,1.62
Boulevard Industrial Real Estate Investment Trust,4439783,Industrial REIT,United States and Canada,Canada,16413,12282,NA,3295,3.73
Boykin Lodging Company,106967,Hotel REIT,United States and Canada,USA,447805,138529,NA,254550,0.54
"BPR OP, LP",4064331,Retail REIT,United States and Canada,USA,NA,NA,NA,NA,NA
Bradley Operating Limited Partnership,4076749,Retail REIT,United States and Canada,USA,1628315,1020446,NA,517503,1.97
"Bradley Real Estate, Inc.",102927,Retail REIT,United States and Canada,USA,996167,444822,NA,425808,1.04
Braemar Hospitality Limited Partnership,4420031,Hotel REIT,United States and Canada,USA,NA,NA,NA,NA,NA
Braemar Hotels & Resorts Inc.,4384791,Hotel REIT,United States and Canada,USA,1674021,1191511,286.3,261170,4.56
"Brandywine Operating Partnership, LP",4064345,Office REIT,United States and Canada,USA,3900106,1860100,NA,1793082,1.04
Brandywine Realty Trust,103209,Office REIT,United States and Canada,USA,3900106,1853353,2365.3,1804648,1.03
Brauvin Capital Trust Inc.,5759748,Retail REIT,United States and Canada,USA,NA,NA,NA,NA,NA
"Brauvin Net Lease V, Inc.",107216,Diversified REIT,United States and Canada,USA,5506,0,NA,3606,0
Bravo Property Fund REIT,10388755,Diversified REIT,Europe,Bulgaria,68868,28698,40.7,37369,0.77
Brazn Pte. Ltd.,15073362,Diversified REIT,Asia-Pacific,Singapore,NA,NA,NA,NA,NA
"BRE Properties, Inc.",102924,Residential REIT,United States and Canada,USA,3608846,1759428,NA,1752184,1
BRE Select Hotels Corp,4344403,Hotel REIT,United States and Canada,USA,851220,715206,NA,30068,23.79
Bricklane London REIT plc,6905200,Residential REIT,Europe,United Kingdom,4287,0,NA,4274,NA
Bricklane Residential REIT plc,5879654,Residential REIT,Europe,United Kingdom,21272,5740,8.4,15006,0.38
Bridgeport Management Ltd.,7382123,Retail REIT,Europe,United Kingdom,NA,NA,NA,NA,NA
Brighton Capital LLC,20293567,Diversified REIT,United States and Canada,USA,NA,NA,NA,NA,NA
BriQ Properties Real Estate Investment Company,7278154,Office REIT,Europe,Greece,110758,18389,74,90134,0.2
British Land Company Plc,4143580,Diversified REIT,Europe,United Kingdom,8875000,2543000,4516,5983000,0.43
Brixmor Property Group Inc.,4400077,Retail REIT,United States and Canada,USA,8342147,5205929,7035.4,2680701,1.94
Brixton Plc,4143590,Industrial REIT,Europe,United Kingdom,812258,0,NA,793928,NA
Broadgate Reit Ltd,5858649,Diversified REIT,Europe,United Kingdom,4674000,2293000,NA,2287000,1
"Broadstone Net Lease, Inc.",5797703,Diversified REIT,United States and Canada,USA,4258483,1543837,4193.1,2479081,0.62
"Broadstone Net Lease, LLC",10864905,Diversified REIT,United States and Canada,USA,NA,NA,NA,NA,NA
Brookfield Canada Office Properties,4105114,Office REIT,United States and Canada,Canada,6157200,2828000,NA,3162400,0.89
Brookfield DTLA Fund Office Trust Investor Inc.,5838332,Office REIT,United States and Canada,USA,2816456,2239640,NA,473070,4.73
Brookfield India Real Estate Trust,25886837,Office REIT,Asia-Pacific,India,109789630,21112710,83194.7,82027530,0.26
Brookfield Prime Property Fund,4864109,Office REIT,Asia-Pacific,Australia,762304,313289,NA,440550,0.71
Brookfield Property REIT Inc.,103084,Retail REIT,United States and Canada,USA,21879964,16651775,NA,3250453,5.12
Brookfield Retail Holdings VII Sub 3 LLC,10552919,Retail REIT,United States and Canada,USA,NA,NA,NA,NA,NA
BRS Danmanlk,14301278,Diversified REIT,Europe,Turkey,NA,NA,NA,NA,NA
BRT Apartments Corp.,102926,Residential REIT,United States and Canada,USA,365741,170191,360.5,177688,0.96
BSR Real Estate Investment Trust,10495501,Residential REIT,United States and Canada,Canada,1113692,762046,629.1,318663,2.39
BTB Real Estate Investment Trust,4261040,Diversified REIT,United States and Canada,Canada,926666,553889,304.8,342067,1.62
Bualuang Office Leasehold Real Estate Investment Trust,8676053,Office REIT,Asia-Pacific,Thailand,4990671,920000,3798.6,3849277,0.24
Bulgari Reserve Properties REIT-Sofia,5776986,Diversified REIT,Europe,Bulgaria,NA,NA,NA,NA,NA
Bulgarian Investment Group REIT Sofia,7059449,Diversified REIT,Europe,Bulgaria,462,0,0.1,456,NA
Bulland Investments REIT,5752419,Self-Storage REIT,Europe,Bulgaria,NA,NA,NA,NA,NA
BWP Trust,4143490,Retail REIT,Asia-Pacific,Australia,2674604,471100,2749.4,2116416,0.22
C.P. Tower Growth Leasehold Property Fund,4864437,Office REIT,Asia-Pacific,Thailand,10510050,0,8606.3,10072344,NA
"Cabot Industrial Properties, LP",4064351,Industrial REIT,United States and Canada,USA,2150368,716945,NA,1308982,0.55
Cabot Industrial Trust,113986,Industrial REIT,United States and Canada,USA,1767959,650379,NA,759780,0.86
"Cadence REIT, LLC",5817738,Residential REIT,United States and Canada,USA,NA,NA,NA,NA,NA
Cain International,7266255,Diversified REIT,Europe,United Kingdom,0,0,NA,0,NA
Cairn Real Estate,5847230,Industrial REIT,Europe,Netherlands,7888,NA,NA,6470,NA
"California Ethical Real Estate Funding, LLC",28337154,Specialty REIT,United States and Canada,USA,NA,NA,NA,NA,NA
California Properties Fund,103481,Diversified REIT,United States and Canada,USA,NA,NA,NA,NA,NA
Camden Property Trust,103094,Residential REIT,United States and Canada,USA,7198952,3179625,15996.4,3516587,0.9
"Camden Summit Partnership, L.P.",4064473,Residential REIT,United States and Canada,USA,1493081,758811,NA,672024,1.13
"Campus Crest Communities Operating Partnership, LP",4383239,Residential REIT,United States and Canada,USA,NA,NA,NA,NA,NA
"Campus Crest Communities, Inc.",4258761,Residential REIT,United States and Canada,USA,1176811,618419,NA,482003,1.28
Canadian Apartment Properties Real Estate Investment Trust,4105050,Residential REIT,United States and Canada,Canada,15499131,5902664,10628.7,9273702,0.64
Canadian Hotel Income Properties REIT,4105051,Industrial REIT,United States and Canada,Canada,615536,264048,NA,307259,0.86
Canadian Net Real Estate Investment Trust,4603658,Diversified REIT,United States and Canada,Canada,209706,115786,158.5,90206,1.28
Canadian Real Estate Investment Trust,4105059,Diversified REIT,United States and Canada,Canada,5450954,1861367,NA,3455549,0.54
Candor Capital LLC,20300668,Diversified REIT,United States and Canada,USA,NA,NA,NA,NA,NA
CANMARC Real Estate Investment Trust,4260543,Diversified REIT,United States and Canada,Canada,1049032,565252,NA,379286,1.49
"Cantor Fitzgerald Income Trust, Inc.",4834818,Industrial REIT,United States and Canada,USA,241353,83380,NA,145520,0.57
Capital & Counties Properties PLC,4259542,Retail REIT,Europe,United Kingdom,2908100,1080600,1396.1,1759700,0.61
Capital & Regional Plc,4143597,Retail REIT,Europe,United Kingdom,671300,463500,61.5,167800,2.76
Capital ABTB inc.,4980326,Diversified REIT,United States and Canada,Canada,2195,0,NA,1552,NA
Capital Automotive LLC,4557728,Retail REIT,United States and Canada,USA,2158157,1045957,NA,1078804,0.97
Capital Automotive LP,4064262,Retail REIT,United States and Canada,USA,NA,NA,NA,NA,NA
Capital Automotive REIT,4001764,Retail REIT,United States and Canada,USA,2158157,1045957,NA,933927,1.12
Capital Holding Group REIT,5757127,Diversified REIT,Europe,Bulgaria,NA,NA,NA,NA,NA
Capital Lodging,4092497,Hotel REIT,United States and Canada,USA,154060,129866,NA,12684,10.24
CapitaLand China Trust,4188468,Retail REIT,Asia-Pacific,Singapore,4310257,1384352,2008,2344854,0.59
CapitaLand Commercial Trust,4143507,Office REIT,Asia-Pacific,Singapore,10190751,2810924,NA,7214405,0.39
CapitaLand Integrated Commercial Trust,4143504,Retail REIT,Asia-Pacific,Singapore,22416378,8734935,13799.3,13067938,0.67
CapitaLand Malaysia Trust,4261427,Retail REIT,Asia-Pacific,Malaysia,3999414,1409813,1330.1,2443912,0.58
CapitalSource Healthcare REIT,4213733,Healthcare REIT,United States and Canada,USA,1259015,660747,NA,567358,1.17
"CapLease, Inc.",4017263,Diversified REIT,United States and Canada,USA,1750443,1202287,NA,478372,2.51
"Caplease, LP",4383497,Diversified REIT,United States and Canada,USA,NA,NA,NA,NA,NA
Capstone Capital Corporation,103192,Healthcare REIT,United States and Canada,USA,723290,330078,NA,372233,0.89
"Capstone Real Estate Investments, LLC",5820558,Diversified REIT,United States and Canada,USA,NA,NA,NA,NA,NA
"Captec Net Lease Realty, Inc.",113631,Retail REIT,United States and Canada,USA,234571,98366,NA,135027,0.73
"Care Capital Properties, Inc.",4587352,Healthcare REIT,United States and Canada,USA,2812368,1414534,NA,1165188,1.21
"Care Capital Properties, LP",4587510,Healthcare REIT,United States and Canada,USA,NA,NA,NA,NA,NA
Care Investment Trust LLC,5844103,Healthcare REIT,United States and Canada,USA,NA,NA,NA,NA,NA
Care Property Invest NV,4861686,Residential REIT,Europe,Belgium,749217,332447,695.4,369779,0.9
CareClever,13926682,Residential REIT,Europe,France,NA,NA,NA,NA,NA
"CareTrust REIT, Inc.",4531073,Healthcare REIT,United States and Canada,USA,1503559,545594,2069.8,914142,0.6
Carey Institutional Properties Incorporated,103489,Diversified REIT,United States and Canada,USA,544946,244106,NA,266532,0.92
Carey Watermark Investors 2 Incorporated,4544313,Diversified REIT,United States and Canada,USA,1576982,840465,NA,662644,1.27
Carindale Property Trust,4260899,Retail REIT,Asia-Pacific,Australia,756106,270559,336.5,466338,0.58
Carmila S.A.,6308336,Retail REIT,Europe,France,6451848,2604941,1976.4,3268471,0.8
CarrAmerica Realty Corporation,103041,Office REIT,United States and Canada,USA,3152172,1875706,NA,1074509,1.75
"CarrAmerica Realty, L.P.",4064350,Office REIT,United States and Canada,USA,706387,95713,NA,589994,0.16
"Carter Validus Mission Critical REIT, Inc.",4254132,Diversified REIT,United States and Canada,USA,1023516,226214,NA,762720,0.3
"Carter/Validus Operating Partnership, LP",4383568,Diversified REIT,United States and Canada,USA,NA,NA,NA,NA,NA
"CatchMark Timber Trust, Inc.",4108902,Specialty REIT,United States and Canada,USA,607328,440478,406.8,129912,3.39
Catellus Development Corporation,4004211,Industrial REIT,United States and Canada,USA,2708344,1440528,NA,743591,1.94
Cathay No.1 Real Estate Investment Trust,4228265,Diversified REIT,Asia-Pacific,Taiwan,27998991,781134,24865.1,26302977,0.03
Cathay No.2 REIT,4864019,Office REIT,Asia-Pacific,Taiwan,14847468,0,14400,14186269,NA
"CBL & Associates Properties, Inc.",103092,Retail REIT,United States and Canada,USA,4443740,3677837,33.7,534297,6.88
CBo Territoria,4280331,Diversified REIT,Europe,France,NA,NA,NA,NA,NA
CDL Hospitality Real Estate Investment Trust,4207622,Hotel REIT,Asia-Pacific,Singapore,2673571,1011216,NA,1580871,0.64
CDL Hospitality Trusts,4188464,Hotel REIT,Asia-Pacific,Singapore,2854459,1123347,1474.4,1627735,0.69
"Cedar Realty Trust, Inc.",102929,Retail REIT,United States and Canada,USA,1177251,638351,290.7,487458,1.31
CeGeREAL,4210549,Office REIT,Europe,France,1552118,765930,568.5,734318,1.04
Centara Hotels and Resorts Leasehold Property Fund,4864173,Hotel REIT,Asia-Pacific,Thailand,2004628,0,1664,2001487,NA
"Center Trust, Inc.",103134,Retail REIT,United States and Canada,USA,637073,402377,NA,205653,1.96
CenterAmerica Property Trust,103547,Retail REIT,United States and Canada,USA,NA,NA,NA,NA,NA
Centerline REIT Inc.,5750618,Diversified REIT,United States and Canada,USA,NA,NA,NA,NA,NA
CenterPoint Properties Trust,103124,Industrial REIT,United States and Canada,USA,1442379,682509,NA,635658,1.07
Centerspace,107231,Residential REIT,United States and Canada,USA,1464183,719191,1457.2,672823,1.07
CentraCore Properties Trust,4006124,Specialty REIT,United States and Canada,USA,222419,4500,NA,213396,0.02
Central Realty Investors,5741475,Residential REIT,United States and Canada,USA,NA,NA,NA,NA,NA
Centro Properties Group,4143513,Retail REIT,Asia-Pacific,Australia,6714995,4975858,NA,1078811,4.61
Centro Retail Australia,4143521,Retail REIT,Asia-Pacific,Australia,1789576,734297,NA,1012469,0.73
Centro Shopping America Trust,4143479,Retail REIT,Asia-Pacific,Australia,1239363,0,NA,1058748,0
Centuria Capital Group,4406822,Diversified REIT,Asia-Pacific,Australia,2571273,479604,2615.5,1570241,0.31
Centuria Capital Limited,4864023,Office REIT,Asia-Pacific,New Zealand,95198,35343,NA,55392,0.64
Centuria Industrial REIT,4607007,Industrial REIT,Asia-Pacific,Australia,3105859,933276,2367.7,2122300,0.44
Centuria Office REIT,4565018,Office REIT,Asia-Pacific,Australia,2068859,733460,1451.6,1274992,0.58
Centuria Urban REIT,4438432,Office REIT,Asia-Pacific,Australia,210979,39445,NA,164806,0.24
Centurion Apartment REIT,5814007,Residential REIT,United States and Canada,Canada,NA,NA,NA,NA,NA
"Centurion Investments, Llc",11118898,Industrial REIT,United States and Canada,USA,NA,NA,NA,NA,NA
Century Realty Trust,102910,Diversified REIT,United States and Canada,USA,41620,27806,NA,10962,2.54
CFI-Compagnie Foncière Internationale,4861873,Specialty REIT,Europe,France,262,0,0.7,200,NA
Challenger Diversified Property Group,4259249,Diversified REIT,Asia-Pacific,Australia,871145,250767,NA,584790,0.43
Challenger Kenedix Japan Trust,5761427,Retail REIT,Asia-Pacific,Australia,840922,449532,NA,315845,1.42
Challenger Wine Trust,5745934,Self-Storage REIT,Asia-Pacific,Australia,240047,148496,NA,84498,1.76
Chambers Street Properties,4104530,Diversified REIT,United States and Canada,USA,2869808,1380652,NA,1360967,1.01
Champion Real Estate Investment Trust,4143467,Office REIT,Asia-Pacific,Hong Kong,71693232,16397473,24401.4,50857598,0.32
Charles E. Smith Residential Realty LP,4064255,Residential REIT,United States and Canada,USA,NA,NA,NA,NA,NA
"Charles E. Smith Residential Realty, Inc.",103069,Residential REIT,United States and Canada,USA,2075232,1223704,NA,555569,2.2
Charter Hall Group,4258320,Diversified REIT,Asia-Pacific,Australia,3284700,564400,8193,2508800,0.22
Charter Hall Long WALE REIT,4825062,Diversified REIT,Asia-Pacific,Australia,4687389,1335162,3164.8,3279110,0.41
Charter Hall Office Real Estate Investment Trust,4143485,Office REIT,Asia-Pacific,Australia,3224600,1203600,NA,1854600,0.65
Charter Hall Retail REIT,4143475,Retail REIT,Asia-Pacific,Australia,3341000,883500,2406.1,2305200,0.38
Charter Hall Social Infrastructure REIT,4686002,Specialty REIT,Asia-Pacific,Australia,1542000,303000,1380.1,1178300,0.26
"Charter Oak Realty Trust, Inc.",103173,Retail REIT,United States and Canada,USA,168793,20574,NA,2442,8.43
Chase Commercial Roofing,13989464,Diversified REIT,United States and Canada,USA,NA,NA,NA,NA,NA
"Chateau Communities, Inc.",103113,Residential REIT,United States and Canada,USA,1514988,1013809,NA,301239,3.37
Chatham Lodging Trust,4245309,Hotel REIT,United States and Canada,USA,1370257,632003,608.5,692460,0.91
Cheerland Investments,5860846,Residential REIT,Asia-Pacific,China,NA,NA,NA,NA,NA
"Chelsea Property Group, Inc.",103116,Retail REIT,United States and Canada,USA,1970414,1211472,NA,520846,2.33
Chesapeake Lodging Trust,4243207,Hotel REIT,United States and Canada,USA,1909077,751389,NA,1053978,0.71
Chicago Dock and Canal Trust,102942,Diversified REIT,United States and Canada,USA,126008,28068,NA,83874,0.33
China Merchants Commercial Real Estate Investment Trust,19496752,Diversified REIT,Asia-Pacific,Hong Kong,7207295,2012554,3124.1,3909686,0.51
Choice Properties Limited Partnership,4414172,Retail REIT,United States and Canada,Canada,NA,NA,NA,NA,NA
Choice Properties Real Estate Investment Trust,4391351,Retail REIT,United States and Canada,Canada,15647242,11638927,4922.6,3522540,3.3
"Chp Ii Partners, Lp",4619338,Healthcare REIT,United States and Canada,USA,NA,NA,NA,NA,NA
"CHP Partners, LP",4383581,Healthcare REIT,United States and Canada,USA,NA,NA,NA,NA,NA
CICC GLP Warehouse Logistics,29248934,Industrial REIT,Asia-Pacific,China,1956604,229540,6877.5,1360532,0.17
CIM Commercial Trust Corporation,4543503,Office REIT,United States and Canada,USA,685617,324313,205.7,278114,1.17
"CIM Group, LLC",4627286,Industrial REIT,United States and Canada,USA,NA,NA,NA,NA,NA
"CIM Income NAV, Inc.",4271674,Diversified REIT,United States and Canada,USA,866219,449378,NA,358274,1.25
"CIM Real Estate Finance Operating Partnership, LP",4375796,Retail REIT,United States and Canada,USA,NA,NA,NA,NA,NA
"CIM Real Estate Finance Trust, Inc.",4271667,Retail REIT,United States and Canada,USA,4459609,2147393,NA,2198426,0.98
Citi Properties REIT,4862841,Diversified REIT,Europe,Bulgaria,455,0,0.4,395,NA
"City Office REIT Operating Partnership, L.P.",4542205,Office REIT,United States and Canada,Canada,NA,NA,NA,NA,NA
"City Office REIT, Inc.",4426536,Office REIT,United States and Canada,USA,1157292,685016,830.1,417875,1.64
City Properties Reit NV,7662746,Diversified REIT,Europe,Bulgaria,NA,NA,NA,NA,NA
Civitas Social Housing PLC,4846352,Residential REIT,Europe,United Kingdom,1035507,352120,562.4,673498,0.52
CKPRE Limited,5753115,Self-Storage REIT,Asia-Pacific,Australia,48296,21512,NA,25722,0.84
Clarion Partners Property Trust Inc.,4250505,Diversified REIT,United States and Canada,USA,17248,3960,NA,5660,0.7
"Clearview Hotel Trust, Inc.",4258502,Hotel REIT,United States and Canada,USA,NA,NA,NA,NA,NA
Clipper Realty Inc.,4622994,Residential REIT,United States and Canada,USA,1207866,1079458,143.1,104114,10.37
Clipstone Logistics REIT plc,4547682,Industrial REIT,Europe,United Kingdom,236762,55735,NA,174929,NA
"CNL Growth Properties, Inc.",4223851,Residential REIT,United States and Canada,USA,350560,179135,NA,115050,1.56
"CNL Healthcare Properties II, Inc.",4619309,Healthcare REIT,United States and Canada,USA,67289,24197,NA,41665,0.58
"CNL Healthcare Properties, Inc.",4262552,Healthcare REIT,United States and Canada,USA,1504041,600108,782.8,868797,0.69
"CNL Hotels & Resorts, Inc.",107176,Hotel REIT,United States and Canada,USA,6321748,3665761,NA,1987711,1.84
"CNL Lifestyle Properties, Inc.",4092508,Specialty REIT,United States and Canada,USA,842422,150954,NA,650329,0.23
"CNL Retirement Properties, Inc.",4040786,Healthcare REIT,United States and Canada,USA,3838761,1536766,NA,2227807,0.69
Coastal Ridge Real Estate,8398387,Residential REIT,United States and Canada,USA,NA,NA,NA,NA,NA
"Cobalt Industrial REIT II, LP",5960514,Industrial REIT,United States and Canada,USA,NA,NA,NA,NA,NA
Cofinimmo SA,4143730,Diversified REIT,Europe,Belgium,5253614,2274045,4444.5,2649362,0.86
Cogdell Spencer Inc.,4104525,Healthcare REIT,United States and Canada,USA,692104,453634,NA,162260,2.8
Cogdell Spencer LP,8288137,Healthcare REIT,United States and Canada,USA,NA,NA,NA,NA,NA
COIMA RES S.p.A. SIIQ,4673383,Office REIT,Europe,Italy,875201,340130,251.7,516422,0.66
"Cole Corporate Income Operating Partnership II, LP",4560342,Diversified REIT,United States and Canada,USA,NA,NA,NA,NA,NA
"Cole Corporate Income Trust, Inc.",4257984,Diversified REIT,United States and Canada,USA,NA,1013186,NA,1519735,0.67
"Cole Credit Property Trust II, Inc.",4097120,Retail REIT,United States and Canada,USA,3289536,1757322,NA,1367306,1.29
Cole Credit Property Trust Inc.,4206486,Retail REIT,United States and Canada,USA,135289,85906,NA,47341,1.81
"Cole Credit Property Trust V, Inc.",4398734,Retail REIT,United States and Canada,USA,622241,342511,NA,252486,1.36
"Cole Office & Industrial REIT (CCIT II), Inc.",4383147,Diversified REIT,United States and Canada,USA,985655,368841,NA,479920,0.77
"Cole Office & Industrial REIT (CCIT III), Inc.",4658631,Diversified REIT,United States and Canada,USA,46300,24175,NA,21036,1.15
"Cole Operating Partnership V, LP",4438888,Retail REIT,United States and Canada,USA,NA,NA,NA,NA,NA
"Cole Real Estate Investments, Inc.",4200055,Retail REIT,United States and Canada,USA,8198077,4026199,NA,3617519,1.11
College Park Communities Trust,4009643,Residential REIT,United States and Canada,USA,NA,NA,NA,NA,NA
Colonial Properties Trust,103076,Residential REIT,United States and Canada,USA,3286208,1831992,NA,1150003,1.59
Colonial Realty LP,4064252,Residential REIT,United States and Canada,USA,3286160,1857854,NA,1150004,1.62
"Colony American Homes, Inc.",4388129,Specialty REIT,United States and Canada,USA,NA,NA,NA,NA,NA
"Columbia Equity Trust, Inc.",4098643,Office REIT,United States and Canada,USA,243330,49359,NA,172275,0.29
"Columbia Property Trust Operating Partnership, L.P.",4382109,Office REIT,United States and Canada,USA,3986579,1477240,NA,2260413,0.65
"Columbia Property Trust, Inc.",4088372,Office REIT,United States and Canada,USA,4086518,1256818,2198,2683594,0.47
Columbus Realty Trust,103131,Diversified REIT,United States and Canada,USA,374576,179855,NA,180078,1
"Comforia Residential REIT, Inc",4375928,Residential REIT,Asia-Pacific,Japan,275496,141650,228.3,128528,1.1
Cominar Real Estate Investment Trust,4105054,Diversified REIT,United States and Canada,Canada,6394279,3543355,1890.2,2724481,1.3
Commerce Realty,27473101,Diversified REIT,United States and Canada,USA,NA,NA,NA,NA,NA
"Commonwealth Atlantic Properties, Inc.",113578,Diversified REIT,United States and Canada,USA,NA,NA,NA,NA,NA
Community Development Trust,4055865,Residential REIT,United States and Canada,USA,67202,NA,NA,26611,NA
Community Healthcare OP LP,4585080,Healthcare REIT,United States and Canada,USA,NA,NA,NA,NA,NA
Community Healthcare Trust Incorporated,4584959,Healthcare REIT,United States and Canada,USA,668402,213167,1099.3,429916,0.5
Compagnie la Lucette,4222696,Office REIT,Europe,France,1099646,749555,NA,310045,NA
"Compass Capital, LLC",22112451,Retail REIT,United States and Canada,USA,NA,NA,NA,NA,NA
Condo Move,14310497,Healthcare REIT,United States and Canada,Canada,NA,NA,NA,NA,NA
"Condor Hospitality Trust, Inc.",103226,Hotel REIT,United States and Canada,USA,275193,183463,107,76281,2.41
"Connected Healthcare, Inc.",6295113,Residential REIT,United States and Canada,USA,NA,NA,NA,NA,NA
Connor Group,4388970,Residential REIT,United States and Canada,USA,NA,NA,NA,NA,NA
ConReal GmbH,8385797,Diversified REIT,Europe,Germany,NA,NA,NA,NA,NA
"Conti Organization, LLC",5803533,Diversified REIT,United States and Canada,USA,NA,NA,NA,NA,NA
Continental Mortgage and Equity Trust,102933,Diversified REIT,United States and Canada,USA,333788,233693,NA,87353,2.68
ContourGlobal PLC,9141701,Retail REIT,United States and Canada,USA,NA,NA,NA,NA,NA
Coonawarra Australia Property Trust,5748109,Self-Storage REIT,Asia-Pacific,Australia,14636,9273,NA,1968,4.71
Copenhagen Infrastructure Partners K/S,4770285,Diversified REIT,Europe,Denmark,NA,NA,NA,NA,NA
"Copley Properties, Inc.",102936,Industrial REIT,United States and Canada,USA,81518,39333,NA,39066,1.01
Core Industrial REIT plc,10069234,Industrial REIT,Europe,Ireland,91413,24641,NA,44231,NA
"CorEnergy Infrastructure Trust, Inc.",4153194,Specialty REIT,United States and Canada,USA,284953,115065,81.9,149400,0.77
CorePoint Lodging Inc.,4424891,Hotel REIT,United States and Canada,USA,1766000,845000,939.5,857000,0.99
CorePoint Operating Partnership L.P.,10731648,Hotel REIT,United States and Canada,USA,NA,NA,NA,NA,NA
CoreSite Realty Corporation,4258680,Specialty REIT,United States and Canada,USA,2176273,1905315,6417.7,72478,26.29
"CoreSite, L.P.",4383589,Specialty REIT,United States and Canada,USA,NA,NA,NA,NA,NA
Corio N.V.,4143757,Diversified REIT,Europe,Netherlands,7409400,3041800,NA,3540200,0.86
Cornerstone Income Fund Inc.,4080529,Diversified REIT,United States and Canada,USA,NA,NA,NA,NA,NA
"Cornerstone Properties, Inc.",107217,Diversified REIT,United States and Canada,USA,4170228,1777331,NA,1972494,0.9
Cornerstone Realty Income Trust Inc.,103487,Residential REIT,United States and Canada,USA,1091348,822081,NA,232856,3.53
"Corona Patrimonial SOCIMI, S.A.",7039692,Office REIT,Europe,Spain,62908,710,NA,60266,0.01
"Corpfin Capital Prime Retail II, SOCIMI, S.A.",4863276,Retail REIT,Europe,Spain,18316,6947,10.4,11354,0.61
Corporate Office Properties Trust,103010,Office REIT,United States and Canada,USA,4077023,2117692,3129.7,1693712,1.25
Corporate Property Associates 10 Incorporated,103488,Diversified REIT,United States and Canada,USA,113835,52868,NA,52088,1.01
Corporate Property Associates 12 Incorporated,103111,Diversified REIT,United States and Canada,USA,427228,150081,NA,246866,0.61
Corporate Property Associates 14 Incorporated,113221,Office REIT,United States and Canada,USA,1421981,689264,NA,661259,1.04
Corporate Property Associates 15 Incorporated,4065353,Diversified REIT,United States and Canada,USA,2452884,1320958,NA,1000447,1.32
Corporate Property Associates 16 - Global Incorporated,4088287,Diversified REIT,United States and Canada,USA,3194580,1673325,NA,1328891,1.26
Corporate Property Associates 17 - Global Incorporated,4154814,Diversified REIT,United States and Canada,USA,4587470,1951390,NA,2343257,0.83
Corporate Property Associates 18 - Global Incorporated,4343505,Diversified REIT,United States and Canada,USA,2358918,1339606,NA,852551,1.57
Corporate Property Associates International Incorporated,4088533,Diversified REIT,United States and Canada,USA,NA,NA,NA,NA,NA
Corporate Property Investors,111362,Retail REIT,United States and Canada,USA,NA,NA,NA,NA,NA
Corporate Realty Income Trust I,103611,Diversified REIT,United States and Canada,USA,30585,15404,NA,14735,1.05
"Cottonwood Communities, Inc.",4877596,Residential REIT,United States and Canada,USA,204805,100145,NA,102084,0.98
Cousins Properties Incorporated,102939,Office REIT,United States and Canada,USA,7107398,2224893,5946,4495538,0.49
Covivio,4143703,Office REIT,Europe,France,27379749,12545454,6989,12568157,1
Covivio Hotels,4222697,Hotel REIT,Europe,France,6805788,3139636,2303.5,3117712,1.01
Cowie Capital Partners Inc,14253493,Diversified REIT,United States and Canada,Canada,NA,NA,NA,NA,NA
CP Limited Partnership,4014506,Residential REIT,United States and Canada,USA,1514988,1013809,NA,435716,2.33
CPL Long Term Care REIT (Canada),4980334,Healthcare REIT,United States and Canada,Canada,1000618,575966,NA,317951,1.81
CPL Real Estate Investment Trust,5787034,Self-Storage REIT,United States and Canada,USA,NA,NA,NA,NA,NA
CPN Commercial Growth Leasehold Property Fund,4864376,Diversified REIT,Asia-Pacific,Thailand,6144000,1104553,5247.7,4799650,0.23
CPN Retail Growth Leasehold REIT,4430772,Retail REIT,Asia-Pacific,Thailand,71577174,40761826,54185.5,28043981,1.45
"CRE Logistics REIT, Inc.",9715126,Industrial REIT,Asia-Pacific,Japan,117525,52669,122.7,62088,0.85
Create REIT Ltd,5848648,Diversified REIT,Europe,United Kingdom,NA,NA,NA,NA,NA
"Creative Wealth Strategies Williams Group, Inc.",5886524,Diversified REIT,United States and Canada,USA,NA,NA,NA,NA,NA
Crescent Real Estate Equities Company,103158,Diversified REIT,United States and Canada,USA,4046971,2296358,NA,1122286,2.05
Crescent Real Estate Equities Limited Partnership,4064349,Diversified REIT,United States and Canada,USA,4046012,2296358,NA,1196457,1.92
Crestpoint Real Estate Investments Ltd.,5808421,Diversified REIT,United States and Canada,Canada,NA,NA,NA,NA,NA
Crocker Realty Investors Inc.,5741483,Office REIT,United States and Canada,USA,NA,NA,NA,NA,NA
"Crocker Realty Trust, Inc.",103607,Office REIT,United States and Canada,USA,324676,181873,NA,134139,1.36
Crombie Real Estate Investment Trust,4143678,Retail REIT,United States and Canada,Canada,4105438,2480612,3057.6,1478306,1.68
Cromwell European Real Estate Investment Trust,8225689,Diversified REIT,Asia-Pacific,Singapore,2250452,853746,1453.1,1302152,0.66
Cromwell Property Group,4381586,Office REIT,Asia-Pacific,Australia,5008900,2186200,2146.3,2665300,0.82
"Cross-border Wisdom Technology Co., Ltd.",19099294,Specialty REIT,Asia-Pacific,China,NA,NA,NA,NA,NA
Crossroads Center Inc.,13323156,Retail REIT,United States and Canada,USA,NA,NA,NA,NA,NA
Crow Holdings Industrial Trust,5744637,Industrial REIT,United States and Canada,USA,NA,NA,NA,NA,NA
Crown American Realty Trust,103090,Retail REIT,United States and Canada,USA,879432,754176,NA,83345,9.05
Crown Castle International Corp. (REIT),4417219,Specialty REIT,United States and Canada,USA,38768000,25417000,77415,9461000,2.69
"CRT Properties, Inc.",102964,Office REIT,United States and Canada,USA,1284266,623467,NA,593959,1.05
"Crystal River Capital, Inc.",4110950,Diversified REIT,United States and Canada,USA,381953,333467,NA,"(58,127)",NM
"CSP Operating Partnership, LP",4383574,Diversified REIT,United States and Canada,USA,NA,NA,NA,NA,NA
CT Real Estate Investment Trust,4409814,Retail REIT,United States and Canada,Canada,6176142,2719223,4096.3,3375870,0.81
CT REIT Limited Partnership,4431495,Retail REIT,United States and Canada,Canada,NA,NA,NA,NA,NA
"CTO Realty Growth, Inc.",4330724,Diversified REIT,United States and Canada,USA,666700,274075,316.5,350899,0.78
"CTR Partnership, L.P.",4559576,Healthcare REIT,United States and Canada,USA,NA,NA,NA,NA,NA
CubeSmart,4095755,Self-Storage REIT,United States and Canada,USA,4778142,2483870,10724.1,1840848,1.35
"CubeSmart, L.P.",4306687,Self-Storage REIT,United States and Canada,USA,4778142,2483870,NA,2090262,1.19
Curtis Capital Group LLC,7750003,Residential REIT,United States and Canada,USA,NA,NA,NA,NA,NA
Custodian REIT Plc,4433919,Diversified REIT,Europe,United Kingdom,561843,138604,408,409866,0.34
CWS Communities Trust,5742947,Residential REIT,United States and Canada,USA,478480,186585,NA,266954,0.7
CyrusOne Inc.,4332673,Specialty REIT,United States and Canada,USA,6897400,3687200,10122.4,2558200,1.44
CyrusOne LP.,4389327,Specialty REIT,United States and Canada,USA,NA,NA,NA,NA,NA
"D&D platform REIT Co.,Ltd.",20141493,Diversified REIT,Asia-Pacific,South Korea,597314,527716,351,51696,10.21
D. Alexander Capital Llc,23930165,Diversified REIT,United States and Canada,USA,NA,NA,NA,NA,NA
"Daehan Real Estate Trust Co., Ltd.",6630315,Diversified REIT,Asia-Pacific,South Korea,239981,31000,NA,153506,0.2
Daiwa House REIT Investment Corporation,4214880,Diversified REIT,Asia-Pacific,Japan,900311,379097,755.2,489467,0.78
Daiwa House REIT Investment Corporation,4343943,Diversified REIT,Asia-Pacific,Japan,681193,283298,NA,376301,0.75
"Daiwa House REIT Management Co.,Ltd.",4344054,Diversified REIT,Asia-Pacific,Japan,NA,NA,NA,NA,NA
Daiwa Office Investment Corporation,4214009,Office REIT,Asia-Pacific,Japan,484310,203561,354.8,253522,0.8
Daiwa Securities Living Investment Corporation,4214343,Residential REIT,Asia-Pacific,Japan,335602,171737,250.3,157467,1.09
Dakota Real Estate Investment Trust,5759459,Diversified REIT,United States and Canada,USA,NA,NA,NA,NA,NA
Dakota Upreit LP,5817880,Diversified REIT,United States and Canada,USA,NA,NA,NA,NA,NA
Darkhorse Investment Management,10806365,Diversified REIT,Asia-Pacific,Hong Kong,NA,NA,NA,NA,NA
Dasan Real Estate Investment Trust Inc.,5803145,Diversified REIT,Asia-Pacific,South Korea,12969,0,NA,12687,NA
DASCO Medical Properties Trust,4092895,Healthcare REIT,United States and Canada,USA,147697,127436,NA,6347,NA
Dasin Retail Trust,4884513,Retail REIT,Asia-Pacific,Singapore,2509289,939474,361,1102351,0.85
DataLabor.Com,13935787,Diversified REIT,Europe,Italy,NA,NA,NA,NA,NA
DC Partners LLC,7286604,Hotel REIT,United States and Canada,USA,NA,NA,NA,NA,NA
DCT Industrial Operating Partnership LP,4383084,Industrial REIT,United States and Canada,USA,4010672,1722354,NA,2049463,0.84
DCT Industrial Trust Inc.,4074543,Industrial REIT,United States and Canada,USA,4010672,1722354,NA,2049463,0.84
DDMP REIT Inc.,8679415,Office REIT,Asia-Pacific,Philippines,45353664,0,32089.4,35516312,NA
DeBartolo Realty Corporation,103109,Diversified REIT,United States and Canada,USA,1531570,1348573,NA,27673,48.73
Derwent London Plc,4143608,Office REIT,Europe,United Kingdom,5531400,1099800,3780,4315100,0.25
"Desarrollos Ermita del Santo, SOCIMI, S.A.",20247233,Retail REIT,Europe,Spain,NA,NA,21.2,NA,NA
Deutsche Industrie REIT-AG,9141416,Industrial REIT,Europe,Germany,715849,330746,545.4,377200,0.88
Deutsche Konsum REIT-AG,4863321,Retail REIT,Europe,Germany,935730,537338,513.3,390665,1.38
Deutsche Land Plc,4204281,Diversified REIT,Europe,United Kingdom,626004,479477,NA,115658,4.15
DEXUS,4143468,Office REIT,Asia-Pacific,Australia,18099600,4948700,11928,12509000,0.4
DEXUS Office Partnership,4143492,Office REIT,Asia-Pacific,Australia,3773200,916400,NA,2703400,0.34
Dexus Rents Trust,5760305,Diversified REIT,Asia-Pacific,Australia,207216,0,NA,204029,NA
dgtize.ventures,13679705,Office REIT,Asia-Pacific,Australia,NA,NA,NA,NA,NA
DiamondRock Hospitality Company,4098626,Hotel REIT,United States and Canada,USA,3146773,1153672,1963,1718925,0.67
Digital Realty Trust LP,4337165,Specialty REIT,United States and Canada,USA,36076291,15009561,NA,18488347,0.81
"Digital Realty Trust, Inc.",4094311,Specialty REIT,United States and Canada,USA,36076291,15006779,45494,18446336,0.81
"DigitalBridge Group, Inc.",4889095,Diversified REIT,United States and Canada,USA,20200560,11835844,3239.7,6984590,1.69
DigitalLove,13628901,Residential REIT,Europe,Spain,NA,NA,NA,NA,NA
DIM Vastgoed N.V.,4217482,Retail REIT,Europe,Netherlands,74462,NA,NA,17549,NA
DIT Property REIT-Sofia,5778236,Diversified REIT,Europe,Bulgaria,NA,NA,NA,NA,NA
Diversified Healthcare Trust,4045490,Healthcare REIT,United States and Canada,USA,6476424,3503221,889.1,2619222,1.34
"Diversified Investments Companies, Llc",25287429,Diversified REIT,United States and Canada,USA,NA,NA,NA,NA,NA
"DLC Realty Trust, Inc.",4256311,Retail REIT,United States and Canada,USA,1204382,1131015,NA,(748),"(1,512.05)"
Doğuş Gayrimenkul Yatırım Ortaklığı A.Ş.,4234498,Diversified REIT,Europe,Turkey,1963247,1297672,2998,622999,2.08
Dolmen City REIT,4597786,Diversified REIT,Asia-Pacific,Pakistan,NA,0,26239.7,NA,NA
Donahue Schriber Realty Group Inc.,5749200,Retail REIT,United States and Canada,USA,NA,NA,NA,NA,NA
"Douglas Emmett, Inc.",4137375,Office REIT,United States and Canada,USA,9250825,4755838,5911.7,3996019,1.19
DP Property Europe Limited,4217790,Diversified REIT,Europe,United Kingdom,513585,420960,NA,54271,7.76
DR Real Estate AG,5745919,Diversified REIT,Europe,Germany,44562,8022,NA,12020,NA
Dream Global Real Estate Investment Trust,4290509,Diversified REIT,United States and Canada,Canada,5567539,2304850,NA,2883544,0.8
Dream Industrial Real Estate Investment Trust,4333623,Industrial REIT,United States and Canada,Canada,3521330,1505361,3891.1,1904876,0.79
Dream Industrial REIT,27407065,Industrial REIT,United States and Canada,Canada,NA,NA,NA,NA,NA
Dream Office Real Estate Investment Trust,4105058,Office REIT,United States and Canada,Canada,2888880,1301936,1191.5,1499003,0.87
Drum Income Plus REIT Plc,5737107,Diversified REIT,Europe,United Kingdom,53692,22626,19.1,27890,0.81
"DSCH Capital Partners, LLC",4102056,Diversified REIT,United States and Canada,USA,NA,NA,NA,NA,NA
Duke Realty Corporation,102944,Industrial REIT,United States and Canada,USA,9111394,3447355,21005.5,5234448,0.66
Duke Realty L.P.,4064352,Industrial REIT,United States and Canada,USA,9111394,3447355,NA,5234448,0.66
"DuPont Fabros Technology, Inc.",4168311,Specialty REIT,United States and Canada,USA,3038464,1248018,NA,967002,1.29
"DuPont Fabros Technology, L.P.",4383564,Specialty REIT,United States and Canada,USA,NA,NA,NA,NA,NA
Dusit Thani Freehold and Leasehold Real Estate Investment Trust,4864302,Hotel REIT,Asia-Pacific,Thailand,7491534,1980998,3842.1,5476977,0.36
DXE Properties LLC,20290185,Diversified REIT,United States and Canada,USA,NA,NA,NA,NA,NA
E Kocref Cr-Reit,7166992,Diversified REIT,Asia-Pacific,South Korea,NA,NA,397.8,NA,NA
"Eagle Hospitality Properties Trust, Inc.",4092926,Hotel REIT,United States and Canada,USA,461726,253563,NA,175139,1.45
Eagle Hospitality Trust,14952161,Hotel REIT,Asia-Pacific,Singapore,1362204,505142,119.6,779108,0.65
East Balkan Properties Plc,4215392,Diversified REIT,Europe,United Kingdom,89408,34277,NA,53239,0.64
"Easterly Government Properties, Inc.",4573867,Office REIT,United States and Canada,USA,2457540,978675,1784.8,1299970,0.75
"Eastern Development, LLC",6991798,Specialty REIT,United States and Canada,USA,NA,NA,NA,NA,NA
"EastGroup Properties, Inc.",102947,Industrial REIT,United States and Canada,USA,2720803,1324261,7705.7,1270518,1.04
Eastover Corporation,102946,Diversified REIT,United States and Canada,USA,15578,765,NA,14315,0.05
Easy residency trusted Real Estate Investment Company,21433472,Diversified REIT,Asia-Pacific,South Korea,NA,NA,NA,NA,NA
EC World Real Estate Investment Trust,4754700,Industrial REIT,Asia-Pacific,Singapore,1815654,683831,654.9,715510,0.96
ECHO Partners AG,19279060,Hotel REIT,Europe,Switzerland,NA,NA,NA,NA,NA
"ECM Realty Trust, Inc.",4265862,Diversified REIT,United States and Canada,USA,339105,274609,NA,60275,4.56
E-Corea Real Estate Investment Trusts Co Ltd,5807018,Diversified REIT,Asia-Pacific,South Korea,7139,211,NA,6115,0.04
Edgewood Real Estate Investment Trust,6285244,Residential REIT,United States and Canada,USA,NA,NA,NA,NA,NA
Edgify Limited,14902421,Retail REIT,Europe,United Kingdom,134,0,NA,93,NA
Ediston Property Investment Company plc,4863285,Diversified REIT,Europe,United Kingdom,294718,110112,161.5,181773,0.61
EDT Retail Trust,4143477,Retail REIT,Asia-Pacific,Australia,1347303,824997,NA,496453,1.66
Education Realty Operating Partnership LP,4156030,Residential REIT,United States and Canada,USA,3015164,934390,NA,1894455,0.49
"Education Realty Trust, Inc.",4095382,Residential REIT,United States and Canada,USA,3015164,933449,NA,1845965,0.51
EG Funds Management Pty Ltd,5804905,Diversified REIT,Asia-Pacific,Australia,NA,NA,NA,NA,NA
EGS Gayrimenkul Yatirim Ortakligi AS,5742853,Diversified REIT,Europe,Turkey,83374,254751,NA,"(198,289)",(1.29)
EI Roofing,13742875,Residential REIT,Europe,United Kingdom,NA,NA,NA,NA,NA
Elana Agricultural Land Fund REIT-Sofia,5762272,Diversified REIT,Europe,Bulgaria,NA,NA,9.5,NA,NA
Elanor Commercial Property Fund,7780175,Office REIT,Asia-Pacific,Australia,394165,141441,306.7,243463,0.58
Elanor Retail Property Fund,4825020,Retail REIT,Asia-Pacific,Australia,246526,66669,136.7,156348,0.43
Elco LR OPT II REIT LP,5824929,Diversified REIT,United States and Canada,USA,NA,NA,NA,NA,NA
ElderTrust,113821,Healthcare REIT,United States and Canada,USA,306775,212807,NA,82744,2.57
Elite Commercial REIT,19774964,Office REIT,Asia-Pacific,Singapore,332889,101906,317.8,217158,0.47
Embassy Office Parks REIT,11191262,Office REIT,Asia-Pacific,India,450843560,106557780,330900.2,270930670,0.39
Emlak Konut Gayrimenkul Yatırım Ortaklığı A.Ş.,4429543,Residential REIT,Europe,Turkey,28644290,5185045,7448,14494008,0.36
"Empire State Realty OP, L.P.",4412827,Diversified REIT,United States and Canada,USA,4150695,2174602,3008.3,1731307,1.26
"Empire State Realty Trust, Inc.",4313470,Diversified REIT,United States and Canada,USA,4150695,2165753,1857.2,1731307,1.25
Empiric Student Property Plc,4537834,Residential REIT,Europe,United Kingdom,1054746,385266,523,633277,0.61
"Entrecampos Cuatro, Socimi, S.A.",4863242,Diversified REIT,Europe,Spain,100784,21840,94.5,64730,0.34
"Eola Capital, LLC",5750455,Office REIT,United States and Canada,USA,NA,NA,NA,NA,NA
Eola Property Trust,4272783,Office REIT,United States and Canada,USA,78912,80691,NA,"(17,524)",NA
EOP Operating Limited Partnership,4064353,Office REIT,United States and Canada,USA,22973553,12827818,NA,9084306,1.41
EPR Properties,113645,Specialty REIT,United States and Canada,USA,6704185,3896666,3850.9,2630585,1.48
EQK Realty Investors I,102948,Retail REIT,United States and Canada,USA,45527,45364,NA,"(7,811)",NM
"Equinix, Inc. (REIT)",4570011,Specialty REIT,United States and Canada,USA,27006841,13923339,73686.7,10634118,1.31
Equity Commonwealth,102958,Office REIT,United States and Canada,USA,3277671,0,3249.7,3243164,0
"Equity Inns, Inc.",103147,Hotel REIT,United States and Canada,USA,4703,NA,NA,4637,NA
"Equity LifeStyle Properties, Inc.",103066,Residential REIT,United States and Canada,USA,4418969,2683324,15829.1,1304755,2.06
Equity Office Properties Trust,113002,Office REIT,United States and Canada,USA,24772960,14396469,NA,6731469,2.14
"Equity One, Inc.",113579,Retail REIT,United States and Canada,USA,3494604,1415638,NA,1840287,0.77
Equity Residential,103054,Residential REIT,United States and Canada,USA,20286891,8373386,31982.4,10763486,0.78
Erawan Hotel Growth Property Fund,4864401,Hotel REIT,Asia-Pacific,Thailand,1319060,0,764.3,1318551,NA
ERES Limited Partnership,6537813,Residential REIT,United States and Canada,Canada,NA,NA,NA,NA,NA
ERG Capital - 2 ADSIP,5752285,Retail REIT,Europe,Bulgaria,17735,0,NA,7115,NA
ERG Capital-1 REIT Sofia,5749941,Retail REIT,Europe,Bulgaria,15663,0,NA,5664,NA
ERG Capital-3 REIT-Sofia,4864085,Diversified REIT,Europe,Bulgaria,18590,2242,9.9,14599,0.15
ERP Operating Limited Partnership,4005318,Residential REIT,United States and Canada,USA,20286891,8373386,NA,10763486,0.78
ESCON JAPAN REIT Investment Corporation,9274826,Diversified REIT,Asia-Pacific,Japan,56132,24430,48.6,29458,0.83
ESH Hospitality Strategies Holdings LLC,9944977,Hotel REIT,United States and Canada,USA,NA,NA,NA,NA,NA
"ESR Kendall Square REIT Co., Ltd.",19916978,Specialty REIT,Asia-Pacific,South Korea,1187621,446570,934,710682,0.63
ESR-REIT,4188466,Industrial REIT,Asia-Pacific,Singapore,3187393,1408372,1903.5,1598105,0.88
"Essential Properties Realty Trust, Inc.",10701281,Diversified REIT,United States and Canada,USA,2488802,824115,3473.8,1581948,0.52
Essex Management Corporation,5747120,Diversified REIT,United States and Canada,USA,NA,NA,NA,NA,NA
"Essex Portfolio, L.P.",4064460,Residential REIT,United States and Canada,USA,12936177,6327972,NA,6215431,1.02
"Essex Property Trust, Inc.",103163,Residential REIT,United States and Canada,USA,12936177,6354994,21810.1,6183192,1.03
ETRE REIT LLC Series A-1,4433385,Office REIT,United States and Canada,USA,NA,NA,NA,NA,NA
"Euripo Properties SOCIMI, S.A.",13393090,Residential REIT,Europe,Spain,81012,65151,97,8108,8.04
Eurocommercial Properties Belgium,10663040,Retail REIT,Europe,Belgium,NA,NA,NA,NA,NA
Eurocommercial Properties N.V.,4143772,Retail REIT,Europe,Netherlands,4087036,1744678,1034.1,1945839,0.9
Eurolog Canola Socimi SA,28815473,Industrial REIT,Europe,Spain,NA,NA,NA,NA,NA
Europa Capital,5745608,Diversified REIT,Europe,United Kingdom,9869,4478,NA,5327,NA
European Commercial Real Estate Investment Trust,4999582,Office REIT,United States and Canada,Canada,151306,78326,NA,64298,1.22
European Residential Real Estate Investment Trust,4383204,Residential REIT,United States and Canada,Canada,1499000,1089729,398.3,353718,3.08
Eurosic,4217798,Office REIT,Europe,France,2514549,291832,NA,1569847,NA
"Evans Withycombe Residential, Inc.",103188,Residential REIT,United States and Canada,USA,736334,436172,NA,229005,1.9
"Evans Withycombe Residential, L.P.",5751133,Residential REIT,United States and Canada,USA,NA,NA,NA,NA,NA
"Excalibur Real Estate Solutions, Inc",10894914,Diversified REIT,United States and Canada,USA,NA,NA,NA,NA,NA
Excel Legacy Corporation,4050983,Diversified REIT,United States and Canada,USA,308369,112389,NA,178383,0.63
"Excel Realty Trust, Inc.",103052,Retail REIT,United States and Canada,USA,1076197,514408,NA,502516,1.02
"Excel Trust, Inc.",4248318,Retail REIT,United States and Canada,USA,1647137,829506,NA,727966,1.14
"Excellency Investment Realty Trust, Inc.",5758425,Residential REIT,United States and Canada,USA,4304,9724,NA,"(16,693)",(0.58)
"Excelsa Capital, LLC",27853478,Hotel REIT,United States and Canada,USA,NA,NA,NA,NA,NA
"Excem Capital Partners Sociedad de Inversión Residencial Socimi, S.A.",10769784,Residential REIT,Europe,Spain,27266,15117,11.2,11478,1.32
Exclusive Property REIT-Sofia,5760689,Diversified REIT,Europe,Bulgaria,23192,8670,12.7,12602,0.69
Expat Beta Reit - Sofia,4862884,Diversified REIT,Europe,Bulgaria,6772,0,4.9,5349,NA
Extra Space Storage Inc.,4092889,Self-Storage REIT,United States and Canada,USA,9395848,6064791,24878.8,2936124,2.07
Extra Space Storage LP,4383065,Self-Storage REIT,United States and Canada,USA,NA,NA,NA,NA,NA
Fair Value REIT-AG,4204284,Diversified REIT,Europe,Germany,321313,78564,94,159869,0.49
Fairplay Properties REIT,4862613,Diversified REIT,Europe,Bulgaria,63307,5956,37.2,52946,0.11
Falcon Business Research,13633838,Diversified REIT,Asia-Pacific,India,NA,NA,NA,NA,NA
Far East Hospitality Trust,4344578,Hotel REIT,Asia-Pacific,Singapore,2581357,989201,1250.6,1557684,0.64
Farmland Partners Inc.,4426904,Specialty REIT,United States and Canada,USA,1090991,506718,394,305914,1.66
"Farmland Partners Operating Partnership, LP",4427662,Specialty REIT,United States and Canada,USA,NA,NA,NA,NA,NA
FC Residential Investment Corp.,4979224,Residential REIT,Asia-Pacific,Japan,25076,9292,NA,15153,NA
Federal Realty Investment Trust,102950,Retail REIT,United States and Canada,USA,7607624,4435865,9387.4,2548747,1.74
Federation Centres,4334773,Retail REIT,Asia-Pacific,Australia,5249727,1314409,NA,3589432,0.37
FelCor Lodging LP,4064330,Hotel REIT,United States and Canada,USA,2061664,837438,NA,1191623,0.7
FelCor Lodging Trust Incorporated,103185,Hotel REIT,United States and Canada,USA,1707092,1338326,NA,232583,5.75
"FelCor/CSS Holdings, L.P.",8407283,Hotel REIT,United States and Canada,USA,NA,NA,NA,NA,NA
"FelCor/LAX Holdings, L.P.",8407075,Hotel REIT,United States and Canada,USA,NA,NA,NA,NA,NA
FelCor/St. Paul Holdings LP,8407284,Hotel REIT,United States and Canada,USA,NA,NA,NA,NA,NA
"Feldman Mall Properties, Inc.",4979228,Retail REIT,United States and Canada,USA,469194,279758,NA,148556,1.88
FFP Real Estate Trust,4001977,Diversified REIT,United States and Canada,USA,NA,NA,NA,NA,NA
FF-TSY Holding Company Inc.,5810813,Specialty REIT,United States and Canada,USA,NA,NA,NA,NA,NA
"FGN Real Estate Development Investment Trust Co., Ltd.",5803479,Diversified REIT,Asia-Pacific,South Korea,26541,3107,NA,23063,0.14
"Fidelity Dividend Capital, Inc.",4092367,Diversified REIT,United States and Canada,USA,NA,NA,NA,NA,NA
"Fidere Patrimonio Socimi, S.A.",4863327,Residential REIT,Europe,Spain,698758,620190,116.9,30811,20.13
Filinvest REIT Corp.,6626314,Office REIT,Asia-Pacific,Philippines,25229534,10508451,35815.1,5106065,2.06
Filmuniversitt Babelsberg Konrad Wolf,14294919,Healthcare REIT,Europe,Germany,NA,NA,NA,NA,NA
Firm Capital Apartment Real Estate Investment Trust,4863191,Residential REIT,United States and Canada,Canada,108868,29742,66.7,75924,0.39
Firm Capital Property Trust,4620265,Diversified REIT,United States and Canada,Canada,480521,248350,250.3,223452,1.11
First  Continental Real Estate Investment Trust,102912,Office REIT,United States and Canada,USA,NA,NA,NA,NA,NA
First Capital REIT,4074792,Retail REIT,United States and Canada,Canada,10032463,4786337,3962,4256427,1.12
"First Industrial Realty Trust, Inc.",103177,Industrial REIT,United States and Canada,USA,3791938,1617467,7595.9,1947320,0.83
"First Industrial, LP",4064354,Industrial REIT,United States and Canada,USA,3801308,1631467,NA,1956690,0.83
First Potomac Realty Investment Limited Partnership,4383493,Diversified REIT,United States and Canada,USA,NA,NA,NA,NA,NA
First Potomac Realty Trust,4088413,Diversified REIT,United States and Canada,USA,1260247,737171,NA,436383,1.69
First Real Estate Investment Trust,4188469,Healthcare REIT,Asia-Pacific,Singapore,1004908,489005,426.5,463970,1.05
First Real Estate Investment Trust of New Jersey,103080,Diversified REIT,United States and Canada,USA,355215,305070,133.8,30863,9.88
"First States Group, LP",6467575,Office REIT,United States and Canada,USA,NA,NA,NA,NA,NA
"First Washington Realty Trust, Inc.",103186,Retail REIT,United States and Canada,USA,583293,298116,NA,206560,1.44
Flagship Communities Real Estate Investment Trust,25464524,Residential REIT,United States and Canada,USA,445379,293257,216.6,146384,2
Flinders Industrial Property Trust,5749490,Industrial REIT,Asia-Pacific,Australia,NA,NA,NA,NA,NA
Folkestone Social Infrastructure Trust,5729461,Diversified REIT,Asia-Pacific,Australia,116149,34396,NA,79724,0.43
Fonciere Atland,4861743,Diversified REIT,Europe,France,477562,212590,188.4,129529,1.64
Foncière des 6ème et 7ème Arrondissements de Paris,5760808,Office REIT,Europe,France,944044,500078,NA,431681,1.16
Foncière Développement Logements,4209949,Residential REIT,Europe,France,60842,NA,NA,55954,NA
Fonciere Europe Logistique,5742851,Industrial REIT,Europe,France,298847,2580,NA,264702,NA
Fonciere Inea S.A.,4862684,Office REIT,Europe,France,794729,345370,373.2,421901,0.82
Foncière Paris France,4210563,Diversified REIT,Europe,France,747600,397600,NA,314200,1.27
Foncière Paris Nord,4862278,Office REIT,Europe,France,18906,1156,5.5,"(8,033)",(0.14)
Foncière Sepric SA,5782006,Diversified REIT,Europe,France,86310,16065,NA,58606,NA
Foodzilla,13631997,Specialty REIT,Asia-Pacific,New Zealand,NA,NA,NA,NA,NA
"Forest City Enterprises, L.P.",4650844,Diversified REIT,United States and Canada,USA,NA,NA,NA,NA,NA
"Forest City Realty Trust, Inc.",4001575,Diversified REIT,United States and Canada,USA,8063287,3444666,NA,3844717,0.9
Fortuna Sarl,9499530,Diversified REIT,Europe,France,NA,NA,NA,NA,NA
Fortune Real Estate Investment Trust,4143510,Retail REIT,Asia-Pacific,Hong Kong,39336261,8759372,15760.3,28631502,0.31
Forucom REIT-Haskovo,4864080,Diversified REIT,Europe,Bulgaria,21953,17848,2.2,2419,7.38
"Four Corners Property Trust, Inc.",4625481,Specialty REIT,United States and Canada,USA,1668179,759936,2214.4,844501,0.9
Four Springs Capital Trust,24789074,Diversified REIT,United States and Canada,USA,NA,NA,NA,NA,NA
Four Springs Capital Trust,6216539,Diversified REIT,United States and Canada,USA,199192,113999,NA,79901,1.43
Franklin Advantage Real Estate Income Fund,103215,Office REIT,United States and Canada,USA,32411,5208,NA,26528,0.2
Franklin Real Estate Income Fund,103216,Diversified REIT,United States and Canada,USA,37855,1937,NA,35142,0.06
Franklin Select Realty Trust,103217,Diversified REIT,United States and Canada,USA,131046,26312,NA,89268,0.29
Franklin Street Properties Corp.,4065591,Office REIT,United States and Canada,USA,1793184,921537,512.3,768091,1.2
Frasers Centrepoint Trust,4188462,Retail REIT,Asia-Pacific,Singapore,3883411,1252308,3993.3,2538276,0.49
Frasers Commercial Trust,4135865,Office REIT,Asia-Pacific,Singapore,2259645,645566,NA,1481493,0.44
Frasers Hospitality Real Estate Investment Trust,7777823,Hotel REIT,Asia-Pacific,Singapore,NA,NA,NA,NA,NA
Frasers Hospitality Trust,4546970,Hotel REIT,Asia-Pacific,Singapore,2361349,889341,982.3,1353158,0.66
Frasers Logistics & Commercial Trust,26383298,Industrial REIT,Asia-Pacific,Singapore,3718886,1235792,NA,2342737,0.53
Frasers Logistics & Commercial Trust,4727754,Industrial REIT,Asia-Pacific,Singapore,6734647,2620806,5477.9,3806677,0.69
Frasers Property AHL Limited,4143488,Diversified REIT,Asia-Pacific,Australia,3596747,64256,NA,2442347,0.03
Frey SA,4864132,Retail REIT,Europe,France,1556780,524843,808.1,822400,0.64
Front Yard Residential Corporation,4345051,Residential REIT,United States and Canada,USA,2053122,1647311,NA,339259,4.86
"Front Yard Residential, L.P.",4377847,Residential REIT,United States and Canada,USA,NA,NA,NA,NA,NA
Frontier Real Estate Investment Corporation,4211152,Retail REIT,Asia-Pacific,Japan,307510,115400,267.5,159102,0.73
FSP 303 East Wacker Drive Corp.,5774412,Office REIT,United States and Canada,USA,184702,33959,NA,143566,0.24
FSP 50 South Tenth Street Corp.,4157559,Diversified REIT,United States and Canada,USA,144827,106200,NA,35899,2.96
FSP Galleria North Corp.,4129027,Office REIT,United States and Canada,USA,67792,12880,NA,53031,0.24
FSP Galleria North Limited Partnership,4376009,Office REIT,United States and Canada,USA,NA,NA,NA,NA,NA
FSP Grand Boulevard Corp.,5786039,Office REIT,United States and Canada,USA,NA,NA,NA,NA,NA
FSP Innsbrook Corp.,7511183,Office REIT,United States and Canada,USA,NA,NA,NA,NA,NA
FSP Phoenix Tower Corp.,4157750,Office REIT,United States and Canada,USA,276,NA,NA,249,NA
Fubon Fund,6626783,Office REIT,Asia-Pacific,Taiwan,13434051,2056333,NA,11016972,0.19
Fubon No.1 Real Estate Investment Trust,5895674,Office REIT,Asia-Pacific,Taiwan,13191207,1911000,10144.2,10791207,0.18
Fubon No.2 Real Estate Investment Trust,4862621,Office REIT,Asia-Pacific,Taiwan,11607914,0,11471.4,11123564,NA
Fukuoka REIT Corporation,4214331,Retail REIT,Asia-Pacific,Japan,199559,82400,132.2,101614,0.81
Fullgoal Capital Water,29248714,Self-Storage REIT,Asia-Pacific,China,1921453,0,NA,768395,NA
Fund Estates REIT,5749878,Office REIT,Europe,Bulgaria,49017,36060,1.1,2784,12.95
"Fundrise East Coast Opportunistic Reit, Llc",5877796,Diversified REIT,United States and Canada,USA,NA,NA,NA,NA,NA
"Fundrise Midland Opportunistic Reit, Llc",5877794,Diversified REIT,United States and Canada,USA,NA,NA,NA,NA,NA
"Fundrise West Coast Opportunistic Reit, Llc",5877795,Diversified REIT,United States and Canada,USA,NA,NA,NA,NA,NA
Future Park Leasehold Property Fund,4864027,Retail REIT,Asia-Pacific,Thailand,11799275,4926528,8049.4,6475105,0.76
"G REIT, Inc.",4073472,Diversified REIT,United States and Canada,USA,526905,225836,NA,288739,0.78
G&L Realty Corp.,103119,Healthcare REIT,United States and Canada,USA,117490,159346,NA,"(44,931)",(3.55)
"Gables Realty, L.P.",4064461,Residential REIT,United States and Canada,USA,1732738,982535,NA,683733,1.44
Gables Residential Trust,103129,Residential REIT,United States and Canada,USA,1732738,988506,NA,609299,1.62
"Gadsden Properties, Inc.",4771798,Diversified REIT,United States and Canada,USA,4804,955,11.4,(12),NM
Galileo Japan Trust,4260898,Diversified REIT,Asia-Pacific,Australia,309054,0,NA,NA,NA
Gallop No.1 REIT,5727409,Diversified REIT,Asia-Pacific,Taiwan,9284462,0,NA,8021099,NA
"Gaming and Leisure Properties, Inc.",4389214,Specialty REIT,United States and Canada,USA,9034368,5907154,11534.6,2675018,2.21
Garda Property Group,4864493,Office REIT,Asia-Pacific,Australia,518847,209282,348.5,301970,0.69
Gateway Business Properties,26396551,Industrial REIT,United States and Canada,USA,NA,NA,NA,NA,NA
"Gavari Properties Socimi, S.A.",19947517,Residential REIT,Europe,Spain,15439,7325,14.9,7932,0.92
GCP Reit II,5784822,Diversified REIT,United States and Canada,USA,NA,NA,NA,NA,NA
GCP Student Living Plc,4397818,Residential REIT,Europe,United Kingdom,1201904,298555,962.4,887412,0.34
GDI Property Group,4420558,Office REIT,Asia-Pacific,Australia,996436,209405,625.7,760704,0.28
Gecina,4143708,Diversified REIT,Europe,France,20249624,7216191,8994.8,12500901,0.58
"General de Galerías Comerciales SOCIMI, S.A.",6675606,Retail REIT,Europe,Spain,777641,83377,3640,585702,0.14
General Property Trust,5812436,Diversified REIT,Asia-Pacific,Australia,NA,NA,NA,NA,NA
Generation Healthcare REIT,4620256,Healthcare REIT,Asia-Pacific,Australia,515728,146697,NA,329358,0.45
"Generation Income Properties, Inc.",4673971,Diversified REIT,United States and Canada,USA,40681,29457,13.7,1370,21.5
"Gen-Net Lease Income Trust, Inc.",4072833,Diversified REIT,United States and Canada,USA,6880,3540,NA,2963,1.2
"GEO Group, Inc.",4144107,Specialty REIT,United States and Canada,USA,4460126,3045727,974.7,912082,3.34
"Georgia Healthcare REIT, Inc.",4327525,Healthcare REIT,United States and Canada,USA,NA,NA,NA,NA,NA
Gestion De Inmuebles Logis Confort Sa,10015161,Industrial REIT,Europe,Spain,NA,NA,NA,NA,NA
Getty Realty Corp.,4066492,Retail REIT,United States and Canada,USA,1349512,577414,1426,659601,0.88
"GGP Nimbus, LP",8733887,Retail REIT,United States and Canada,USA,NA,NA,NA,NA,NA
"GGPLP Real Estate 2010 Loan Pledgor Holding, LLC",10606404,Specialty REIT,United States and Canada,USA,NA,NA,NA,NA,NA
"GGPLPLLC 2010 Loan Pledgor Holding, LLC",8306400,Retail REIT,United States and Canada,USA,NA,NA,NA,NA,NA
Ginkgo Residential Trust Inc.,4316666,Residential REIT,United States and Canada,USA,456791,406476,NA,42652,9.53
Gladstone Commercial Corporation,4088076,Diversified REIT,United States and Canada,USA,1097908,674379,795.6,216037,3.12
Gladstone Land Corporation,4264067,Specialty REIT,United States and Canada,USA,1067289,652785,723.3,383790,1.7
GLAND Office Leasehold Real Estate Investment Trust,7061311,Office REIT,Asia-Pacific,Thailand,6026241,998022,NA,4813085,0.21
"Glenborough Properties, LP",4064385,Office REIT,United States and Canada,USA,1795247,897358,NA,867264,1.04
Glenborough Realty Trust Incorporated,103225,Office REIT,United States and Canada,USA,1346130,814385,NA,447644,1.82
Glenmoore Capital REIT,9720017,Diversified REIT,Europe,Bulgaria,904,0,NA,887,NA
Glenstone Property PLC,4998866,Diversified REIT,Europe,United Kingdom,151367,34107,111.2,114446,0.3
Glimcher Properties Limited Partnership,4064333,Retail REIT,United States and Canada,USA,NA,NA,NA,NA,NA
Glimcher Realty Trust,103126,Retail REIT,United States and Canada,USA,2586840,1834063,NA,596641,3.07
Global Holdings Management Group UK Ltd.,15025675,Diversified REIT,Europe,United Kingdom,NA,NA,NA,NA,NA
"Global Income Trust, Inc.",4238781,Diversified REIT,United States and Canada,USA,109752,69324,NA,36841,1.88
Global Medical REIT Inc.,4677448,Healthcare REIT,United States and Canada,USA,1100906,589535,1042.6,457760,1.29
"Global Net Lease, Inc.",4307540,Diversified REIT,United States and Canada,USA,3967014,2290679,1635.3,1554279,1.47
Global One Real Estate Investment Corp.,4260130,Office REIT,Asia-Pacific,Japan,200600,94500,110.6,96805,0.98
"Global Self Storage, Inc.",4659472,Self-Storage REIT,United States and Canada,USA,64945,23558,57.5,40039,0.59
Global Signal Inc.,4092928,Specialty REIT,United States and Canada,USA,2267699,1844196,NA,277139,6.65
"Global Wealth Investments, Inc.",11198402,Diversified REIT,United States and Canada,USA,NA,NA,NA,NA,NA
Globalworth Poland Real Estate N.V.,5115761,Office REIT,Europe,Netherlands,1319051,531043,NA,705329,0.75
Globalworth Real Estate Investments Limited,4864411,Office REIT,Europe,United Kingdom,3630063,1659183,1338.4,1755364,0.95
Globe Luxuries,100345714,Residential REIT,Europe,Austria,NA,NA,NA,NA,NA
Globex Estate Fund REIT,5773223,Diversified REIT,Europe,Bulgaria,NA,NA,NA,NA,NA
GLP J-REIT,4346045,Industrial REIT,Asia-Pacific,Japan,742022,329580,835.7,390101,0.84
GMH Communities Trust,4093258,Residential REIT,United States and Canada,USA,1488846,1015136,NA,267080,3.8
"GMP Property SOCIMI, S.A.",4863380,Diversified REIT,Europe,Spain,2386617,869602,1089.9,1403262,0.62
"Go Madrid Benz SOCIMI, S.A.",10643549,Diversified REIT,Europe,Spain,15272,150,NA,5045,0.03
Golden Ventures Leasehold Real Estate Investment Trust,4864516,Office REIT,Asia-Pacific,Thailand,11348112,1997841,8636.9,8929534,0.22
Goodman Group,4143500,Industrial REIT,Asia-Pacific,Australia,16867000,2154300,41960.3,13161500,0.16
Goodman Hardie Industrl Prop Trust,5749492,Industrial REIT,Asia-Pacific,Australia,NA,NA,NA,NA,NA
Goodman Property Trust,4249588,Diversified REIT,Asia-Pacific,New Zealand,3831500,795600,3493.3,2969200,0.27
"Government Properties Trust, Inc.",4089963,Office REIT,United States and Canada,USA,530952,377481,NA,145668,2.59
GPT Group,4143487,Diversified REIT,Asia-Pacific,Australia,15358600,4142500,10037.6,10889200,0.38
GPT Operating Partnership LP,4592507,Industrial REIT,United States and Canada,USA,NA,NA,NA,NA,NA
"GPX Realty Partners, L.P.",5764652,Diversified REIT,United States and Canada,USA,NA,NA,NA,NA,NA
Gramercy Property Trust,4092552,Industrial REIT,United States and Canada,USA,6456036,2865620,NA,3138803,0.91
Grand Corporation,26043989,Diversified REIT,Asia-Pacific,Japan,NA,NA,NA,NA,NA
Grand Hotel Group Ltd.,5742841,Hotel REIT,Asia-Pacific,Australia,553866,170296,NA,343636,0.5
Grande Royal Orchid Hospitality Real Estate Investment Trust with Buy-Back Condi,28678836,Hotel REIT,Asia-Pacific,Thailand,NA,NA,3150,NA,NA
Granite Real Estate Investment Trust,4325276,Industrial REIT,United States and Canada,Canada,6747472,2211895,6492.5,3922204,0.56
Granite REIT Holdings Limited Partnership,7625767,Industrial REIT,United States and Canada,Canada,NA,NA,NA,NA,NA
Grapevine Realty LLC,10360067,Residential REIT,United States and Canada,USA,NA,NA,NA,NA,NA
Grasshopper Pte Ltd,11191494,Specialty REIT,Asia-Pacific,Singapore,NA,NA,NA,NA,NA
Great Lakes Capital,5849215,Diversified REIT,United States and Canada,USA,NA,NA,NA,NA,NA
Great Lakes REIT,103499,Diversified REIT,United States and Canada,USA,537282,308947,NA,199186,1.55
Great Portland Estates Plc,4143571,Office REIT,Europe,United Kingdom,2559900,533200,1874.7,1971600,0.27
Green Field Industrial Properties,22111631,Diversified REIT,United States and Canada,USA,NA,NA,NA,NA,NA
Green REIT Plc,4399825,Office REIT,Europe,Ireland,1626692,283788,NA,1305040,0.22
Greenoak Spain Holdings Socimi II S.A.,10644820,Diversified REIT,Europe,Spain,NA,NA,14.6,NA,NA
"Griffin Capital Essential Asset Operating Partnership II, L.P.",4434559,Diversified REIT,United States and Canada,USA,NA,NA,NA,NA,NA
"Griffin Capital Essential Asset Operating Partnership, L.P.",4380909,Diversified REIT,United States and Canada,USA,NA,NA,NA,NA,NA
"Griffin Capital Essential Asset REIT II, Inc.",4434215,Diversified REIT,United States and Canada,USA,1137335,481955,NA,516508,0.93
"Griffin Realty Trust, Inc.",4234075,Diversified REIT,United States and Canada,USA,4151850,2186073,NA,1608269,1.36
"Griffin-American Healthcare REIT II, Inc.",4190047,Healthcare REIT,United States and Canada,USA,2928726,397476,NA,2385231,0.17
"Griffin-American Healthcare REIT III Holdings, LP",4540356,Healthcare REIT,United States and Canada,USA,NA,NA,NA,NA,NA
"Griffin-American Healthcare REIT III, Inc.",4360922,Healthcare REIT,United States and Canada,USA,3234937,1876171,1085.8,1034483,1.81
"Griffin-American Healthcare REIT IV, Inc.",4619046,Healthcare REIT,United States and Canada,USA,1092773,504631,NA,549739,0.92
Grimsby Institute of Further and Higher Education,8317183,Residential REIT,Europe,United Kingdom,NA,NA,NA,NA,NA
Grivalia Properties REIC,4149710,Diversified REIT,Europe,Greece,1160625,226242,NA,871982,0.26
Grosvenor Venture Partners Limited,11266342,Residential REIT,Europe,United Kingdom,NA,NA,NA,NA,NA
Ground Rents Income Fund PLC,4863171,Diversified REIT,Europe,United Kingdom,128492,18991,71.5,102558,0.19
Grove Property Trust,103172,Diversified REIT,United States and Canada,USA,317197,195590,NA,67675,2.89
Growthpoint Metro Office Fund,4563285,Office REIT,Asia-Pacific,Australia,445556,127473,NA,299913,0.43
Growthpoint Properties Australia,4381592,Diversified REIT,Asia-Pacific,Australia,4777800,1433900,3273.5,3221400,0.45
"Grupo Ortiz Properties SOCIMI, S.A.",6896514,Diversified REIT,Europe,Spain,218070,59320,96.5,126380,0.47
Gsw Gesellschaft FÜR Siedlungs- Und Wohnungsbau Baden-WÜRttemberg Mit BeschrÄNkt,10841794,Residential REIT,Europe,Germany,246478,160991,NA,54486,NA
GT Canada Medical Properties Inc.,4273751,Healthcare REIT,United States and Canada,Canada,63710,32398,NA,26056,1.24
"GTJ REIT, Inc.",4142195,Diversified REIT,United States and Canada,USA,512093,411583,NA,84297,4.88
Guaranty Abstract Company,11196013,Industrial REIT,United States and Canada,USA,NA,NA,NA,NA,NA
GZI Real Estate Investment Trust,4149737,Diversified REIT,Asia-Pacific,Hong Kong,6418129,2066423,NA,4073707,0.51
H&R Real Estate Investment Trust,4105060,Diversified REIT,United States and Canada,Canada,13355444,6596448,4757.6,6071391,1.09
"Hackman Capital Partners, LLC",5761704,Diversified REIT,United States and Canada,USA,NA,NA,NA,NA,NA
"Hadley Investments SOCIMI, S.A.U.",6676146,Diversified REIT,Europe,Spain,58033,9590,6.4,47684,0.2
Hadley Properties,13573818,Residential REIT,United States and Canada,USA,NA,NA,NA,NA,NA
HairPlanet Hair Extensions Ltd,13683762,Healthcare REIT,Europe,United Kingdom,NA,NA,NA,NA,NA
Halk Gayrimenkul Yatirim Ortakligi A.S,4864305,Residential REIT,Europe,Turkey,3514726,481217,2866.2,2926489,0.16
"Halvern Realty, Inc.",4247866,Office REIT,United States and Canada,USA,NA,NA,NA,NA,NA
Hamborner REIT AG,4279273,Retail REIT,Europe,Germany,1265784,767201,791.9,474234,1.62
Hammerson Plc,4143575,Retail REIT,Europe,United Kingdom,5906300,2307300,1363.1,3208900,0.72
Hammes Partners,19892547,Healthcare REIT,United States and Canada,USA,NA,NA,NA,NA,NA
Hampshire Properties,4656775,Diversified REIT,United States and Canada,USA,NA,NA,NA,NA,NA
Hana Asset No. 1 REIT,5848891,Office REIT,Asia-Pacific,South Korea,NA,NA,NA,NA,NA
"Hande Group Co., Ltd.",19214743,Diversified REIT,Asia-Pacific,China,NA,NA,NA,NA,NA
"Hankyu Hanshin REIT, Inc.",4214339,Diversified REIT,Asia-Pacific,Japan,171522,75786,114.5,86639,0.87
Hansteen Holdings Plc,4216692,Industrial REIT,Europe,United Kingdom,728100,242900,NA,457900,NA
"Hartman Income Reit Management, Inc.",7060789,Office REIT,United States and Canada,USA,NA,NA,NA,NA,NA
Hartman REIT Operating Partnership,4549335,Diversified REIT,United States and Canada,USA,NA,NA,NA,NA,NA
"Hartman Short Term Income Properties XX, Inc.",4220196,Diversified REIT,United States and Canada,USA,523580,300990,NA,188142,1.6
"Hartman vREIT XXI, Inc.",4639582,Diversified REIT,United States and Canada,USA,102437,35213,NA,61987,0.57
"Harvard Property Trust, Inc.",5745913,Office REIT,United States and Canada,USA,NA,NA,NA,NA,NA
Harvest Advisors Inc.,9943549,Hotel REIT,United States and Canada,USA,NA,NA,NA,NA,NA
Hashting,13722101,Diversified REIT,Europe,Belgium,NA,NA,NA,NA,NA
"HC Government Realty Trust, Inc.",5874619,Office REIT,United States and Canada,USA,129463,111595,NA,12492,8.93
"HC2 Capital, LLC",5879068,Diversified REIT,United States and Canada,USA,NA,NA,NA,NA,NA
"HCRI Tucson Properties, Inc.",7456671,Specialty REIT,United States and Canada,USA,NA,NA,NA,NA,NA
"HCRI Wisconsin Properties, LLC",7375209,Healthcare REIT,United States and Canada,USA,NA,NA,NA,NA,NA
Health Equity Properties Incorporated,102949,Healthcare REIT,United States and Canada,USA,117696,31545,NA,81237,0.39
Health Science Properties Holding Corp,4039454,Office REIT,United States and Canada,USA,NA,NA,NA,NA,NA
Healthcare & Medical Investment Corporation,4750309,Healthcare REIT,Asia-Pacific,Japan,68773,33150,48.3,33001,1
"Healthcare Activos Yield SOCIMI, S.A.",19802297,Healthcare REIT,Europe,Spain,304095,147650,NA,151801,0.97
"HealthCare Financial Partners REIT, Inc.",4038470,Healthcare REIT,United States and Canada,USA,NA,NA,NA,NA,NA
Healthcare Realty Trust Incorporated,103057,Healthcare REIT,United States and Canada,USA,3812260,1713879,4774.8,1948376,0.88
"Healthcare Trust of America Holdings, LP",4345132,Healthcare REIT,United States and Canada,USA,6790692,3248104,NA,3234919,1
"Healthcare Trust of America, Inc.",4132396,Healthcare REIT,United States and Canada,USA,6790692,3233147,7213.3,3234919,1
"Healthcare Trust Operating Partnership, LP",4538370,Healthcare REIT,United States and Canada,USA,NA,NA,NA,NA,NA
"Healthcare Trust, Inc.",4341499,Healthcare REIT,United States and Canada,USA,2286895,1231241,NA,961372,1.28
Healthco Healthcare And Wellness Reit,29562790,Healthcare REIT,Asia-Pacific,Australia,NA,NA,718.6,NA,NA
HealthLease Properties Real Estate Investment Trust,4323912,Healthcare REIT,United States and Canada,Canada,695836,434114,NA,236702,1.83
Healthpeak Properties LP,4383588,Healthcare REIT,United States and Canada,USA,NA,NA,NA,NA,NA
"Healthpeak Properties, Inc.",102953,Healthcare REIT,United States and Canada,USA,15920089,6799939,18713,7344572,0.93
Heartwood Forestland REIT III LLC,5851590,Self-Storage REIT,United States and Canada,USA,NA,NA,NA,NA,NA
heblayo.com,13658034,Retail REIT,Europe,United Kingdom,NA,NA,NA,NA,NA
"Heiwa Real Estate REIT, Inc.",4408233,Diversified REIT,Asia-Pacific,Japan,190987,88067,165,95183,0.93
Hektar Real Estate Investment Trust,4864029,Retail REIT,Asia-Pacific,Malaysia,1258975,581091,265.6,576355,1.01
Hemaraj Industrial Property and Leasehold Fund,5735199,Industrial REIT,Asia-Pacific,Thailand,4468246,0,2171.4,4380442,NA
Hemaraj Leasehold Real Estate Investment Trust,4980507,Industrial REIT,Asia-Pacific,Thailand,11488594,3720610,7603.2,7409808,0.5
Henley 360,5850923,Diversified REIT,Europe,United Kingdom,NA,NA,NA,NA,NA
Heritage Communities LP,8613741,Residential REIT,United States and Canada,USA,NA,NA,NA,NA,NA
Heritage Property Investment Limited Partnership,5758383,Retail REIT,United States and Canada,USA,NA,NA,NA,NA,NA
"Heritage Property Investment Trust, Inc.",4072032,Retail REIT,United States and Canada,USA,2458229,1458783,NA,860811,1.69
Hersha Hospitality Trust,4019891,Hotel REIT,United States and Canada,USA,1980988,1250286,340,672249,1.86
"Hersha Hospitality, L.P.",4064463,Hotel REIT,United States and Canada,USA,NA,NA,NA,NA,NA
"Hexalon Real Estate, Incorporated",4005502,Office REIT,United States and Canada,USA,NA,NA,NA,NA,NA
HGR Liquidating Trust,4224739,Diversified REIT,United States and Canada,USA,643188,65668,NA,549750,0.12
Hibernia REIT Plc,4422615,Office REIT,Europe,Ireland,1481057,300441,837.9,1148638,0.26
Highcroft Investments Plc,4217758,Diversified REIT,Europe,United Kingdom,87047,27200,45.4,57121,0.48
Highland Hospitality Corporation,4089416,Hotel REIT,United States and Canada,USA,1313197,646432,NA,605637,1.07
"Highland Hospitality, L.P.",7268592,Hotel REIT,United States and Canada,USA,NA,NA,NA,NA,NA
"Highlands REIT, Inc.",4649381,Diversified REIT,United States and Canada,USA,356060,83227,NA,257063,0.32
"Highwoods Properties, Inc.",103169,Office REIT,United States and Canada,USA,5209417,2504412,4835.3,2358170,1.06
Highwoods Realty LP,4064357,Office REIT,United States and Canada,USA,5209417,2505258,NA,2358170,1.06
"Hilton Head Properties, Inc.",5750005,Residential REIT,United States and Canada,USA,NA,NA,NA,NA,NA
"Hines Global Income Trust, Inc.",4410107,Diversified REIT,United States and Canada,USA,1863417,882394,NA,862218,1.02
Hines Global REIT II Properties LP,4585878,Diversified REIT,United States and Canada,USA,NA,NA,NA,NA,NA
"Hines Real Estate Investment Trust, Inc.",4089468,Office REIT,United States and Canada,USA,2183731,852245,NA,1062551,0.8
"Hispania Activos Inmobiliarios SOCIMI, S.A.",4438675,Diversified REIT,Europe,Spain,3060359,1030601,NA,1669867,0.62
Hispanotels Inversiones Socimi S.A.,13313345,Diversified REIT,Europe,Spain,72027,11913,62.9,48796,0.24
Hmc Real Estate Partners Llc,22790971,Industrial REIT,United States and Canada,USA,NA,NA,NA,NA,NA
"HMG/Courtland Properties, Inc.",102954,Retail REIT,United States and Canada,USA,20892,650,18.7,19424,0.03
Holly Residential Properties,103058,Residential REIT,United States and Canada,USA,253089,118480,NA,128494,0.92
Homburg Real Estate Trust,4105020,Diversified REIT,United States and Canada,Canada,756861,496561,NA,233424,2.13
Home Consortium Limited,4918238,Retail REIT,Asia-Pacific,Australia,982412,253388,2293.1,710979,0.36
Home Invest Belgium S.A.,4863993,Residential REIT,Europe,Belgium,653909,332445,389.7,310173,1.07
"Home Properties, Inc.",103183,Residential REIT,United States and Canada,USA,28,NA,NA,27,NA
Home Reit Plc,25464180,Residential REIT,Europe,United Kingdom,NA,NA,623.5,NA,NA
HomeCo Daily Needs REIT,26181699,Retail REIT,Asia-Pacific,Australia,1390400,425800,1245.3,933100,0.46
Honer Vivantis,13717504,Residential REIT,Asia-Pacific,India,NA,NA,NA,NA,NA
Hong Kong Hotel Real Estate Investment Trust,4200244,Self-Storage REIT,Asia-Pacific,Hong Kong,NA,NA,NA,NA,NA
"Horizon Group, Inc.",103095,Retail REIT,United States and Canada,USA,1072666,626097,NA,351234,1.78
Horizon Housing REIT PLC,10595836,Residential REIT,Europe,United Kingdom,13,0,NA,13,NA
Horner Reit Ltd,27407214,Retail REIT,Europe,United Kingdom,NA,NA,NA,NA,NA
Hornigold Reit S.A.,4972325,Residential REIT,Europe,Poland,38235,19357,19.1,13181,1.47
"Hoshino Resorts REIT, Inc.",4545183,Hotel REIT,Asia-Pacific,Japan,176788,67690,162.4,104204,0.65
"Hospitality Investors Trust, Inc.",4405563,Hotel REIT,United States and Canada,USA,1776146,1358989,NA,"(51,080)",NM
Host Hotels & Resorts LP,4064387,Hotel REIT,United States and Canada,USA,12890000,6151000,NA,6434000,0.96
"Host Hotels & Resorts, Inc.",4041118,Hotel REIT,United States and Canada,USA,12890000,6151000,12059,6326000,0.97
Hotel Property Investments,4420595,Specialty REIT,Asia-Pacific,Australia,961012,361883,683,575013,0.63
Hotland Yantian Port Warehouse Logistics,29248120,Industrial REIT,Asia-Pacific,China,1011892,0,NA,997036,NA
Housing Choices South Australia Limited,27453250,Residential REIT,Asia-Pacific,Australia,NA,NA,NA,NA,NA
HPT Capital Trust I,6509950,Hotel REIT,United States and Canada,USA,NA,NA,NA,NA,NA
HPT Capital Trust II,6509951,Hotel REIT,United States and Canada,USA,NA,NA,NA,NA,NA
HPVC Inc.,4979229,Specialty REIT,United States and Canada,Canada,NA,NA,NA,NA,NA
HuaAn Zhangjiang Everbright Park,29248221,Industrial REIT,Asia-Pacific,China,566472,269764,772.7,240207,1.12
Hudson Hotels Trust,4019400,Specialty REIT,United States and Canada,USA,NA,NA,NA,NA,NA
"Hudson Pacific Properties, Inc.",4251328,Office REIT,United States and Canada,USA,8350202,3867349,4152.9,3967980,0.97
"Hudson Pacific Properties, L.P.",4383085,Office REIT,United States and Canada,USA,NA,NA,NA,NA,NA
Hui Xian Real Estate Investment Trust,4286545,Diversified REIT,Asia-Pacific,Hong Kong,42754000,8876000,9071.1,25293000,0.35
"Hulic Reit, Inc.",4545486,Diversified REIT,Asia-Pacific,Japan,369359,164616,234.1,185530,0.89
"Human Rights Campaign, Inc.",7194725,Healthcare REIT,United States and Canada,USA,33450,NA,NA,26158,NA
I REIT Global Management Pte. Ltd.,5850446,Office REIT,Asia-Pacific,Singapore,NA,NA,NA,NA,NA
i3 Capital Group LLC,23897273,Residential REIT,United States and Canada,USA,NA,NA,NA,NA,NA
IAC Capital Trust,5744572,Residential REIT,United States and Canada,USA,NA,NA,NA,NA,NA
Icade,4143715,Diversified REIT,Europe,France,12817700,7722300,5218.9,3751400,2.06
Icade,4190898,Diversified REIT,Europe,France,NA,NA,NA,NA,NA
Icade Fonciere des Pimonts,4980331,Office REIT,Europe,France,730242,19905,NA,668126,0.03
Ichigo Hotel REIT Investment Corporation,4750313,Hotel REIT,Asia-Pacific,Japan,58803,25970,23.6,31808,0.82
Ichigo Office REIT Investment Corporation,4215882,Office REIT,Asia-Pacific,Japan,227655,111296,134.4,102448,1.09
Ichigo Real Estate Investment Corporation,4214006,Office REIT,Asia-Pacific,Japan,122096,49560,NA,66215,0.75
Idealist Gayrimenkul Yatirim Ortakligi A.S.,4864267,Residential REIT,Europe,Turkey,29915,1258,111,14442,0.09
Idealist REIT,5803912,Diversified REIT,Europe,Turkey,NA,NA,NA,NA,NA
IDT Telecom,4155649,Healthcare REIT,United States and Canada,USA,NA,NA,NA,NA,NA
IGB Commercial Real Estate Investment Trust,29204248,Diversified REIT,Asia-Pacific,Malaysia,NA,NA,1534.4,NA,NA
IGB Real Estate Investment Trust,4335476,Retail REIT,Asia-Pacific,Malaysia,5220926,1214300,5996.5,3800769,0.32
"Igis Neptune Barcelona Holdco Socimi, S.A.",27460340,Industrial REIT,Europe,Spain,NA,NA,NA,NA,NA
"IGIS RESIDENCE REIT Co., Ltd.",19906689,Residential REIT,Asia-Pacific,South Korea,NA,NA,111.9,NA,NA
"IGIS Value Plus REIT Co., Ltd.",18048345,Office REIT,Asia-Pacific,South Korea,NA,NA,139.9,NA,NA
IGW REIT,5794210,Diversified REIT,United States and Canada,Canada,NA,NA,NA,NA,NA
"IIP Operating Partnership, LP",4835309,Industrial REIT,United States and Canada,USA,NA,NA,NA,NA,NA
"ILM II Senior Living, Inc.",103514,Residential REIT,United States and Canada,USA,47056,0,NA,39700,0
Immo Capital S.r.l.,7750569,Retail REIT,Europe,Italy,NA,NA,NA,NA,NA
Immo De Schrijver NV,7662044,Specialty REIT,Europe,Belgium,NA,NA,NA,NA,NA
Immo Investment Technologies Uk Limited,14365188,Retail REIT,Europe,United Kingdom,NA,NA,NA,NA,NA
Immobiliare Grande Distribuzione SIIQ SpA,4143804,Retail REIT,Europe,Italy,2476656,1272973,448.5,1114442,1.14
Immobilière Bingen SAS,5799590,Diversified REIT,Europe,France,NA,NA,NA,NA,NA
Immobiliere Dassault SA,4862365,Diversified REIT,Europe,France,720471,279896,430.8,422200,0.66
Immolease Trust NV,4863761,Diversified REIT,Europe,Belgium,NA,NA,11.4,NA,NA
Immovaria Real Estate AG,5761066,Diversified REIT,Europe,Germany,14487,0,31.8,14376,0
ImmoZins AG,26195255,Residential REIT,Europe,Switzerland,NA,NA,NA,NA,NA
IMPACT Growth Real Estate Investment Trust,4552150,Specialty REIT,Asia-Pacific,Thailand,20272162,3875037,28612.3,16005590,0.24
Impact Healthcare REIT PLC,4897609,Healthcare REIT,Europe,United Kingdom,429647,74213,414.5,349521,0.21
"Independence Realty Operating Partnership, LP",4381118,Residential REIT,United States and Canada,USA,NA,NA,NA,NA,NA
"Independence Realty Trust, Inc.",4235858,Residential REIT,United States and Canada,USA,1734897,948688,2353.8,712771,1.33
"Indiana Financial Investors, Inc.",4997444,Diversified REIT,United States and Canada,USA,NA,NA,NA,NA,NA
Indigenous Real Estate Investment Trust,5881460,Retail REIT,Asia-Pacific,Australia,NA,NA,NA,NA,NA
"INDUS Realty Trust, Inc.",4861698,Industrial REIT,United States and Canada,USA,301362,161796,677.3,96899,1.67
Industrial & Infrastructure Fund Investment Corporation,4260327,Industrial REIT,Asia-Pacific,Japan,407429,194383,424.4,190116,1.02
Industrial Income Trust Inc.,4245347,Industrial REIT,United States and Canada,USA,3627650,1978625,NA,1508946,1.31
Industrial Logistics Properties Trust,9219457,Industrial REIT,United States and Canada,USA,1915745,866579,1819.7,1003190,0.86
Industrial Property Operating Partnership LP,4428026,Industrial REIT,United States and Canada,USA,NA,NA,NA,NA,NA
Industrial Property Trust,4336838,Industrial REIT,United States and Canada,USA,2793136,1593039,NA,1110592,1.43
Industrial Real Estate Investment Trust,5763424,Diversified REIT,United States and Canada,Canada,NA,NA,NA,NA,NA
Infrared Capital Partners Limited,5763551,Diversified REIT,Europe,United Kingdom,34120,8911,NA,18336,NA
"InfraREIT, Inc.",4630457,Specialty REIT,United States and Canada,USA,2031030,953747,NA,925866,1.03
"InfraREIT, Inc. (REIT)",4573482,Specialty REIT,United States and Canada,USA,2031030,953747,NA,925866,1.03
ING Industrial Fund,4143469,Industrial REIT,Asia-Pacific,Australia,3132000,1182900,NA,1837600,0.64
ING Summit Industrial Fund LP,4339498,Industrial REIT,United States and Canada,Canada,3227649,1386743,NA,1730852,0.8
ING U.S. Residential Real Estate Investment Co.,4055868,Residential REIT,United States and Canada,USA,NA,NA,NA,NA,NA
Ingenia Communities Group,4149718,Residential REIT,Asia-Pacific,Australia,1354389,274643,2196.8,993033,0.28
"Inland Diversified Real Estate Trust, Inc.",4215695,Diversified REIT,United States and Canada,USA,2327598,1248273,NA,895870,1.39
Inland Private Capital Corporation,5792707,Diversified REIT,United States and Canada,USA,NA,NA,NA,NA,NA
"Inland Real Estate Income Trust, Inc.",4303071,Retail REIT,United States and Canada,USA,1176050,652753,347.6,443959,1.47
"Inland Residential Properties Trust Operating Partnership, L.P.",4562575,Residential REIT,United States and Canada,USA,NA,NA,NA,NA,NA
"Inland Residential Properties Trust, Inc.",4562566,Residential REIT,United States and Canada,USA,101227,49380,NA,44971,1.1
"Inland Retail Real Estate Trust, Inc.",4040915,Retail REIT,United States and Canada,USA,4268088,2315833,NA,1838255,1.26
"Inmark Prime Socimi, S.A.U.",25854920,Office REIT,Europe,Spain,NA,NA,NA,NA,NA
"Inmobiliaria Colonial, SOCIMI, S.A.",4143766,Office REIT,Europe,Spain,12354976,4880907,4460.5,6833164,0.71
Innkeepers USA Limited Partnership,4064254,Hotel REIT,United States and Canada,USA,NA,NA,NA,NA,NA
Innkeepers USA Trust,103198,Hotel REIT,United States and Canada,USA,1102006,515290,NA,517671,1
INNOVARE INVESTMENTS LLC,20295839,Diversified REIT,United States and Canada,USA,NA,NA,NA,NA,NA
"Innovative Industrial Properties, Inc.",4835257,Industrial REIT,United States and Canada,USA,1768081,137750,6214.4,1524972,0.09
InnSuites Hospitality Trust,103014,Hotel REIT,United States and Canada,USA,15393,11030,31.9,2510,4.39
InnVest Hotels LP,7605289,Hotel REIT,United States and Canada,Canada,NA,NA,NA,NA,NA
InnVest Real Estate Investment Trust,4105064,Hotel REIT,United States and Canada,Canada,1314052,996350,NA,229303,4.35
Inovalis Real Estate Investment Trust,4379425,Office REIT,United States and Canada,Canada,712089,298602,312,376661,0.79
Insignia Properties Trust,4026306,Residential REIT,United States and Canada,USA,226068,19300,NA,200659,0.1
"Inspired Builders, Inc.",4864301,Diversified REIT,United States and Canada,USA,0,6,NA,(26),(0.22)
Institute of Coding,13616335,Residential REIT,Europe,United Kingdom,NA,NA,NA,NA,NA
"Institutional REIT, Inc.",4142417,Diversified REIT,United States and Canada,USA,344,290,NA,54,NA
InStorage Real Estate Investment Trust,4160147,Specialty REIT,United States and Canada,Canada,448919,250789,NA,186264,1.35
Intercapital Property Development ADSIC,4863976,Diversified REIT,Europe,Bulgaria,46019,11797,22.2,19700,0.6
InterContinental Hotels Group Plc,4088253,Hotel REIT,Europe,United Kingdom,1807000,877000,NA,49000,17.9
Intercontinental International Real Estate Investment Company,4864527,Retail REIT,Europe,Greece,105497,26451,73.3,77888,0.34
International Administration Group Limited,11191023,Office REIT,Asia-Pacific,Hong Kong,NA,NA,NA,NA,NA
International Market Centers Inc.,4566991,Specialty REIT,United States and Canada,USA,788612,533680,NA,189333,2.82
InterRent Real Estate Investment Trust,4202785,Residential REIT,United States and Canada,Canada,3214047,1046289,2483.2,2068771,0.51
Interstate Equities Corp,5804028,Residential REIT,United States and Canada,USA,16904,NA,NA,(103),NA
Intervest Offices & Warehouses,4143657,Industrial REIT,Europe,Belgium,1047993,437265,672,554414,0.79
Intu Properties Plc,4143566,Retail REIT,Europe,United Kingdom,7117100,4734300,NA,1846000,2.56
InvenTrust Properties Corp.,4098709,Retail REIT,United States and Canada,USA,2407339,557758,1755.9,1738863,0.32
"Inversiones Doalca SOCIMI, S.A.",4863140,Office REIT,Europe,Spain,35854,12259,155.5,20276,0.61
"Invesco Office J-REIT, Inc.",4567395,Office REIT,Asia-Pacific,Japan,252079,124160,199.5,112806,1.1
INVESCO Property Income Trust Limited,4143633,Diversified REIT,Europe,United Kingdom,90778,134655,NA,"(54,960)",NM
Investa Property Group,4143472,Office REIT,Asia-Pacific,Australia,6305518,1720878,NA,4209062,0.41
"Investment Income Properties of America, Inc.",103599,Diversified REIT,United States and Canada,USA,4849,5545,NA,"(1,015)",NM
Investore Property Limited,4730982,Retail REIT,Asia-Pacific,New Zealand,1070850,292781,684.7,765674,0.38
Invictus International Group,19381722,Diversified REIT,Europe,United Kingdom,NA,NA,NA,NA,NA
Invincible Investment Corporation,4216772,Hotel REIT,Asia-Pacific,Japan,497900,249198,250.6,245114,1.02
Invista Real Estate Investment Management Holdings plc,7059471,Diversified REIT,Europe,United Kingdom,580,0,NA,567,NA
Invitation Homes Inc.,4426247,Residential REIT,United States and Canada,USA,17506222,8055881,24307.7,8556073,0.94
IPC US Real Estate Investment Trust,4105175,Office REIT,United States and Canada,Canada,1313383,874603,NA,276966,3.16
IPC US Real Estate Investment Trust,5766618,Diversified REIT,United States and Canada,Canada,NA,NA,NA,NA,NA
IPG Finance Pty Ltd.,7457575,Office REIT,Asia-Pacific,Australia,NA,NA,NA,NA,NA
"Iposa Properties Socimi, S.A.",14758529,Diversified REIT,Europe,Spain,NA,NA,NA,NA,NA
IRC Retail Centers,103184,Retail REIT,United States and Canada,USA,1521500,809586,NA,582527,1.39
IREIT Global,4549088,Office REIT,Asia-Pacific,Singapore,769029,264628,755.5,441743,0.6
Irish Life Ltd.,4260431,Retail REIT,Europe,Ireland,NA,NA,NA,NA,NA
Irish Residential Properties REIT Plc,4440102,Residential REIT,Europe,Ireland,1417541,548537,854.4,841695,0.65
"Iron Bridge Capital Partners, LLC",22110261,Residential REIT,United States and Canada,USA,NA,NA,NA,NA,NA
Iron Mountain Incorporated,4094831,Specialty REIT,United States and Canada,USA,14149267,10998151,13315.2,1136729,9.68
"Iron Mountain REIT, Inc.",5851271,Diversified REIT,United States and Canada,USA,NA,NA,NA,NA,NA
Irongate Group,4686000,Diversified REIT,Asia-Pacific,Australia,1298976,339702,11002.6,913033,0.37
IRT Property Company,102963,Retail REIT,United States and Canada,USA,593436,301791,NA,270415,1.12
"Irvine Apartment Communities, Inc.",103107,Residential REIT,United States and Canada,USA,1374624,751818,NA,195858,3.84
"Irvine Apartment Communities, L.P.",4072768,Residential REIT,United States and Canada,USA,2171988,1072643,NA,997758,1.08
İş Gayrimenkul Yatırım Ortaklığı Anonim Şirketi,4233948,Diversified REIT,Europe,Turkey,5225405,1012979,1831.2,4130954,0.25
ISIS Property Trust Limited,4143606,Diversified REIT,Europe,United Kingdom,133123,47259,NA,74682,0.63
ISPT Pty Ltd,5751657,Diversified REIT,Asia-Pacific,Australia,NA,NA,NA,NA,NA
iStar Inc.,102921,Diversified REIT,United States and Canada,USA,4861808,3530068,1793,1064383,3.32
Itochu Advance Logistics Investment Corporation,10964833,Industrial REIT,Asia-Pacific,Japan,115747,47723,96.2,65256,0.73
IVG Core 0173 AG,6490219,Diversified REIT,Europe,Germany,723231,NA,NA,391813,NA
"J & R Renovations, LLC",11041843,Residential REIT,United States and Canada,USA,NA,NA,NA,NA,NA
"Jaba I Inversiones Inmobiliarias, Socimi, S.A.",4863355,Office REIT,Europe,Spain,44457,7452,36.6,35898,0.21
"Jackson Square Properties, LLC",7060665,Residential REIT,United States and Canada,USA,NA,NA,NA,NA,NA
Jane Wood & Associates Ltd,15162753,Retail REIT,Europe,United Kingdom,NA,NA,NA,NA,NA
"Japan Excellent, Inc.",4212691,Office REIT,Asia-Pacific,Japan,293971,125600,183.6,152335,0.82
"Japan Hotel and Resort, Inc.",4209938,Hotel REIT,Asia-Pacific,Japan,91204,39451,NA,48436,0.81
Japan Hotel REIT Investment Corporation,4216837,Hotel REIT,Asia-Pacific,Japan,400296,168754,291.7,221201,0.76
"Japan Logistics Fund, Inc.",4214952,Industrial REIT,Asia-Pacific,Japan,259848,114700,304.6,134811,0.85
Japan Metropolitan Fund Investment Corporation,4143337,Retail REIT,Asia-Pacific,Japan,903221,411700,724.8,433967,0.95
Japan Prime Realty Investment Corporation,4143330,Office REIT,Asia-Pacific,Japan,484324,196500,389,257094,0.76
Japan Real Estate Investment Corporation,4143333,Office REIT,Asia-Pacific,Japan,1001735,419493,966.9,515263,0.81
Japan Residential Investment Company Limited,4231536,Residential REIT,Europe,United Kingdom,268221,143909,NA,118877,1.21
Japan Senior Living Investment Corporation,4750311,Healthcare REIT,Asia-Pacific,Japan,35605,15000,NA,15816,0.95
Japan Single-residence REIT Inc.,4215911,Residential REIT,Asia-Pacific,Japan,58700,30454,NA,27198,1.12
JBG SMITH Properties,4899055,Office REIT,United States and Canada,USA,6079547,2042690,3917.3,3206206,0.64
JBG SMITH Properties LP,4899581,Office REIT,United States and Canada,USA,NA,NA,NA,NA,NA
JDN Realty Corporation,103148,Retail REIT,United States and Canada,USA,1065463,561121,NA,459519,1.22
"JEB Group, LLC",13519123,Office REIT,United States and Canada,USA,NA,NA,NA,NA,NA
Jem Holdings LLC,5859994,Diversified REIT,United States and Canada,USA,NA,NA,NA,NA,NA
"Jernigan Capital Operating Company, LLC",4802068,Self-Storage REIT,United States and Canada,USA,NA,NA,NA,NA,NA
"Jernigan Capital, Inc.",4579847,Self-Storage REIT,United States and Canada,USA,812777,202791,NA,588874,0.34
JHL Real Estate Investment LLC,14150710,Retail REIT,United States and Canada,USA,NA,NA,NA,NA,NA
JID Investments LLC,22226347,Diversified REIT,United States and Canada,USA,NA,NA,NA,NA,NA
JInushi Private REIT Investment Corporation,5881295,Diversified REIT,Asia-Pacific,Japan,NA,NA,NA,NA,NA
"John Plank Real Estate Services, Inc.",14956911,Specialty REIT,United States and Canada,USA,NA,NA,NA,NA,NA
"Jones Lang LaSalle Income Property Trust, Inc.",4132010,Diversified REIT,United States and Canada,USA,2658599,1044037,NA,1447423,0.72
"JP Realty, Inc.",103108,Retail REIT,United States and Canada,USA,795772,478682,NA,162624,2.94
JR Global REIT,7171009,Office REIT,Asia-Pacific,South Korea,NA,NA,907.5,NA,NA
J-Reit Toshi Hojin,5765246,Diversified REIT,Asia-Pacific,Japan,NA,NA,NA,NA,NA
JRoad,13935879,Diversified REIT,Asia-Pacific,South Korea,NA,NA,NA,NA,NA
KAI Management Services LLC,6583673,Hotel REIT,United States and Canada,USA,NA,NA,NA,NA,NA
Kanakia Ventures LLC,13775161,Office REIT,United States and Canada,USA,NA,NA,NA,NA,NA
"Kangmei Industrial Investment Holding Co., Ltd.",9486455,Healthcare REIT,Asia-Pacific,China,NA,NA,NA,NA,NA
KB Wise Star Cr Reit Co. Ltd. No. 2,7589670,Office REIT,Asia-Pacific,South Korea,NA,NA,NA,NA,NA
"KB-Bookook No.1 Development Cc., Ltd.",7103613,Office REIT,Asia-Pacific,South Korea,NA,NA,NA,NA,NA
"KBS Growth & Income REIT, Inc.",4636658,Office REIT,United States and Canada,USA,151578,96623,NA,39590,2.44
"KBS Legacy Partners Apartment REIT, Inc.",4239914,Residential REIT,United States and Canada,USA,235169,132932,NA,93347,1.42
"KBS Real Estate Investment Trust II, Inc.",4172754,Diversified REIT,United States and Canada,USA,721237,240520,251,381495,0.63
"KBS Real Estate Investment Trust III, Inc.",4250328,Diversified REIT,United States and Canada,USA,2504325,1388365,1281.9,898036,1.55
"KBS Real Estate Investment Trust, Inc.",4102843,Diversified REIT,United States and Canada,USA,641927,0,NA,596432,0
KCR Residential REIT plc,4864489,Residential REIT,Europe,United Kingdom,24406,12639,6.8,11320,1.12
Kee Tai Star REIT,5758950,Office REIT,Asia-Pacific,Taiwan,3407991,0,NA,3375160,NA
Kenedix Office Investment Corporation,4143341,Office REIT,Asia-Pacific,Japan,457505,198750,303,230982,0.86
Kenedix Residential Next Investment Corp.,4320931,Residential REIT,Asia-Pacific,Japan,283172,145220,214.3,127132,1.14
Kenedix Retail REIT Corporation,4658824,Retail REIT,Asia-Pacific,Japan,251773,112800,164.6,124702,0.91
Kennedy Wilson Europe Real Estate Limited,4433463,Diversified REIT,Europe,United Kingdom,2485800,1460700,NA,937000,1.56
Keppel DC REIT,4571923,Specialty REIT,Asia-Pacific,Singapore,3349828,1187920,4081.1,1982242,0.6
Keppel Pacific Oak US REIT,9037515,Office REIT,Asia-Pacific,Singapore,1366752,503997,825.2,772070,0.65
Keppel REIT,4188460,Office REIT,Asia-Pacific,Singapore,7764368,2375144,3980.1,5220133,0.45
KEYreit,4122038,Retail REIT,United States and Canada,Canada,324706,221266,NA,99203,2.23
Keystone Property Trust,103137,Industrial REIT,United States and Canada,USA,1023315,533717,NA,369149,1.45
Kiler Gayrimenkul Yatirim Ortakligi A.S.,4864315,Diversified REIT,Europe,Turkey,1852128,53361,1215.2,1214701,0.04
Kiler GYO,4286493,Diversified REIT,Europe,Turkey,NA,NA,NA,NA,NA
Killam Apartment REIT,4143687,Residential REIT,United States and Canada,Canada,3776560,1759813,2537.8,1768258,1
Kilroy Realty Corporation,108109,Office REIT,United States and Canada,USA,10000708,4021459,8077.3,5277321,0.76
"Kilroy Realty, LP",4064358,Office REIT,United States and Canada,USA,10000708,4021459,NA,5277321,0.76
Kimco Realty Corporation,102965,Retail REIT,United States and Canada,USA,11614498,5452099,14072,5670254,0.96
"Kimsouth Realty, Inc.",103083,Retail REIT,United States and Canada,USA,385016,229905,NA,140699,1.63
King's Town Millerful No.1 Real Estate Investment Trust,13445252,Diversified REIT,Asia-Pacific,Taiwan,16358608,5336036,11269.5,10960807,0.49
"Kingsbarn Real Estate Capital, LLC",20294395,Diversified REIT,United States and Canada,USA,NA,NA,NA,NA,NA
KIP Real Estate Investment Trust,4884571,Retail REIT,Asia-Pacific,Malaysia,846221,312708,424.5,513378,0.61
Kite Realty Group Trust,4092324,Retail REIT,United States and Canada,USA,2608539,1197305,1786.9,1231352,0.97
Kiwi Property Group Limited,4143560,Retail REIT,Asia-Pacific,New Zealand,3366311,1062105,1805.6,2134786,0.5
KLCC Property Holdings Berhad,4384522,Diversified REIT,Asia-Pacific,Malaysia,17995471,2349444,12041.6,15077959,0.16
KLCC Real Estate Investment Trust,5828133,Diversified REIT,Asia-Pacific,Malaysia,9696441,1370738,NA,8073356,0.17
Klémurs SCA,4217787,Retail REIT,Europe,France,194693,4109,NA,185713,NA
Klépierre,4143722,Retail REIT,Europe,France,22884700,9760700,5875.2,10434400,0.94
Klingbeil Multifamily Fund V,103191,Residential REIT,United States and Canada,USA,NA,NA,NA,NA,NA
Kocref Areif Korea 1 CR-REIT,5802238,Diversified REIT,Asia-Pacific,South Korea,NA,NA,NA,NA,NA
Kocref Cr-Reit 1,5749392,Self-Storage REIT,Asia-Pacific,South Korea,229942,62663,NA,143139,0.44
Kocref CR-REIT 11,5804431,Office REIT,Asia-Pacific,South Korea,NA,NA,NA,NA,NA
Kocref Cr-Reit 2,5749365,Diversified REIT,Asia-Pacific,South Korea,72967,0,NA,68505,NA
Kocref Cr-REIT 3,5749366,Office REIT,Asia-Pacific,South Korea,155368,70000,NA,70551,0.99
Kocref CR-REIT 5,5760554,Office REIT,Asia-Pacific,South Korea,NA,NA,NA,NA,NA
Kocref Cr-Reit IV,5802865,Office REIT,Asia-Pacific,South Korea,NA,NA,NA,NA,NA
Kocref no.14 entrust management real estate investment company,7137889,Office REIT,Asia-Pacific,South Korea,119885,66000,NA,45493,NA
Kocref NPS Cr-Reit 2,5800368,Retail REIT,Asia-Pacific,South Korea,NA,NA,NA,NA,NA
Kocref NPS REIT 1,5802384,Office REIT,Asia-Pacific,South Korea,NA,NA,NA,NA,NA
Kohab Pty Ltd,15137746,Diversified REIT,Asia-Pacific,Australia,NA,NA,NA,NA,NA
"Kona Development Partners, LLC",22299277,Residential REIT,United States and Canada,USA,NA,NA,NA,NA,NA
"Koramco Asset Management Co., Ltd.",5804727,Specialty REIT,Asia-Pacific,South Korea,NA,NA,NA,NA,NA
Koramco Energy Plus Reit,19851184,Specialty REIT,Asia-Pacific,South Korea,NA,NA,456.7,NA,NA
Koray Gayrimenkul Yatirim Ortakligi A.S.,4861814,Diversified REIT,Europe,Turkey,97400,0,296.4,83766,NA
"Korea Asset In Trust Co., Ltd.",4864161,Diversified REIT,Asia-Pacific,South Korea,1207645,364810,543.3,768871,0.47
Korea Investment Corporation,10753469,Residential REIT,Asia-Pacific,South Korea,NA,NA,NA,NA,NA
Korea Retail Home Plus Reit I,10962841,Diversified REIT,Asia-Pacific,South Korea,NA,NA,NA,NA,NA
Körfez Gayrimenkul Yatirim Ortakligi A.S.,4864357,Diversified REIT,Europe,Turkey,166390,0,356.4,120018,NA
KPN Property Fund,4864404,Office REIT,Asia-Pacific,Thailand,1916238,0,1197,1855587,NA
"KR2 Development REIT Co., Ltd.",5774938,Diversified REIT,Asia-Pacific,South Korea,17486,4340,NA,1898,2.29
Kramont Realty Trust,102940,Retail REIT,United States and Canada,USA,857768,541074,NA,270991,2
Kranzco Realty Trust,103039,Retail REIT,United States and Canada,USA,535625,353208,NA,171704,2.06
K-REIT Asia (Australia) Trust,5866671,Office REIT,Asia-Pacific,Australia,NA,NA,NA,NA,NA
K-REIT Fin. Company Pte. Ltd.,8615979,Retail REIT,Asia-Pacific,Singapore,NA,NA,NA,NA,NA
K-S Realty Associates,8683711,Residential REIT,United States and Canada,USA,NA,NA,NA,NA,NA
"Ktesios Real Estate Socimi, S.A.",27669778,Residential REIT,Europe,Spain,NA,NA,6.6,NA,NA
"K-TOP Reits Co.,Ltd.",4864351,Diversified REIT,Asia-Pacific,South Korea,122758,61121,70.7,43401,1.41
"Kuntin Investment Management Group Co.,Ltd",8700663,Industrial REIT,Asia-Pacific,China,1515725,313000,NA,907032,0.35
Kyobo Meritz First CR-REIT,5749382,Diversified REIT,Asia-Pacific,South Korea,90845,0,NA,89470,NA
L Catterton Real Estate,14305834,Diversified REIT,Europe,Luxembourg,3318,0,NA,3096,NA
L3 Capital LLC,5829189,Diversified REIT,United States and Canada,USA,NA,NA,NA,NA,NA
"La Finca Global Assets SOCIMI, S.A.",16277488,Office REIT,Europe,Spain,620300,383264,147.3,129834,2.95
"La Quinta Properties, Inc.",5744565,Hotel REIT,United States and Canada,USA,2458146,925617,NA,1458472,0.64
Lamar Advertising Company (REIT),4417220,Specialty REIT,United States and Canada,USA,5791441,4095670,11725,1202768,3.41
Land and Houses Freehold and Leasehold Property Fund,4864358,Residential REIT,Asia-Pacific,Thailand,3642518,117875,1914,3478805,0.03
Land Securities Group Plc,4143637,Diversified REIT,Europe,United Kingdom,10990000,3516000,5036.7,7212000,0.49
"Landmark Apartment Trust, Inc.",4112741,Residential REIT,United States and Canada,USA,1820349,1464835,NA,289118,5.07
"Landsing Pacific Fund, Inc.",102968,Industrial REIT,United States and Canada,USA,80328,47929,NA,30750,1.56
Landwin Realty Trust Inc,4640939,Retail REIT,United States and Canada,USA,NA,NA,NA,NA,NA
Landwin REIT Inc.,4108549,Diversified REIT,United States and Canada,USA,207,5000,NA,"(4,973)",NA
Lanesborough Real Estate Investment Trust,4167218,Residential REIT,United States and Canada,Canada,137397,278578,0.4,"(165,300)",NM
Lantern Hotel Group,4863765,Hotel REIT,Asia-Pacific,Australia,2309,0,NA,1457,NA
"Lar España Real Estate SOCIMI, S.A.",4548002,Diversified REIT,Europe,Spain,1678831,750886,442.6,859650,0.87
"Larson Capital Management, LLC",5859086,Office REIT,United States and Canada,USA,NA,NA,NA,NA,NA
LaSalle Hotel Properties,4004228,Hotel REIT,United States and Canada,USA,3814941,1143616,NA,2476461,0.46
LaSalle Japan REIT Inc.,4216671,Diversified REIT,Asia-Pacific,Japan,128464,69007,NA,54042,1.28
LaSalle LOGIPORT REIT,4750320,Industrial REIT,Asia-Pacific,Japan,385675,161320,336.7,214911,0.75
LCP Investment Corporation,4216615,Diversified REIT,Asia-Pacific,Japan,93944,51120,NA,40624,1.26
Leasinvest Real Estate SCA,4143666,Diversified REIT,Europe,Belgium,1240548,665500,754.2,487211,1.37
Leben Real Estate Investment Trust,7789633,Diversified REIT,United States and Canada,Canada,NA,NA,NA,NA,NA
"Ledic Realty Management, LLC",7565755,Residential REIT,United States and Canada,USA,NA,NA,NA,NA,NA
Legacy Healthcare Properties Trust Inc.,4257985,Residential REIT,United States and Canada,USA,410056,158075,NA,236202,0.67
Legacy Hotels Real Estate Investment Trust,4105075,Hotel REIT,United States and Canada,Canada,1883200,992700,NA,700400,1.42
Lekextra,10400563,Retail REIT,Europe,Sweden,NA,NA,NA,NA,NA
Lendlease Global Commercial REIT,19231662,Retail REIT,Asia-Pacific,Singapore,1737115,545094,1039.3,1156799,0.47
Les Docks Lyonnais,4279609,Diversified REIT,Europe,France,NA,NA,NA,NA,NA
Lexford Residential Trust,4003471,Residential REIT,United States and Canada,USA,628922,527742,NA,59182,8.92
"Lexford, Inc.",4038982,Residential REIT,United States and Canada,USA,NA,NA,NA,NA,NA
Lexington Master Limited Partnership,4201580,Industrial REIT,United States and Canada,USA,2342944,1446622,NA,581703,2.49
Lexington Realty Trust,103128,Industrial REIT,United States and Canada,USA,3493226,1373757,4051.2,1991137,0.69
LH Hotel Leasehold Real Estate Investment Trust,4864511,Hotel REIT,Asia-Pacific,Thailand,11969760,5787877,5056.4,6167265,0.94
LH Shopping Centers Leasehold Real Estate Investment Trust,4864481,Retail REIT,Asia-Pacific,Thailand,7001918,837964,5075.9,5831842,0.14
Liberty Property LP,4064339,Diversified REIT,United States and Canada,USA,6934394,3097395,NA,3404309,0.91
Liberty Property Trust,103190,Diversified REIT,United States and Canada,USA,6934394,3092746,NA,3396772,0.91
Life Storage LP,4064373,Self-Storage REIT,United States and Canada,USA,4727848,2213134,NA,2404544,0.92
"Life Storage, Inc.",103540,Self-Storage REIT,United States and Canada,USA,4727848,2213134,10375.1,2378098,0.93
Lightstone REIT V OP LP,4383546,Diversified REIT,United States and Canada,USA,NA,NA,NA,NA,NA
"Lightstone Value Plus Real Estate Investment Trust V, Inc.",4165566,Diversified REIT,United States and Canada,USA,341324,248125,121.4,84640,2.93
"Lightstone Value Plus REIT I, Inc.",4114431,Diversified REIT,United States and Canada,USA,502241,192385,NA,296183,0.65
"Lightstone Value Plus REIT II, Inc.",4214942,Diversified REIT,United States and Canada,USA,268588,142342,45.3,117769,1.21
Lightstone Value Plus REIT III LP,4543154,Hotel REIT,United States and Canada,USA,NA,NA,NA,NA,NA
"Lightstone Value Plus REIT III, Inc.",4535407,Hotel REIT,United States and Canada,USA,152278,66205,33,83338,0.79
Lindera AB,10633708,Retail REIT,Europe,Sweden,11622,8421,NA,1584,NA
Lingerfelt Industrial Properties,103182,Industrial REIT,United States and Canada,USA,NA,NA,NA,NA,NA
Link Finance (Cayman) 2009 Limited,6463043,Retail REIT,Asia-Pacific,Hong Kong,NA,NA,NA,NA,NA
Link Real Estate Investment Trust,4143456,Retail REIT,Asia-Pacific,Hong Kong,209885000,42480000,142999.6,158693000,0.27
"Linsens Technology Co., Ltd.",14089306,Specialty REIT,Asia-Pacific,China,NA,NA,NA,NA,NA
Lippo Malls Indonesia Retail Trust,4221916,Retail REIT,Asia-Pacific,Singapore,1636598,677250,429.7,772947,0.88
"LNH REIT, Inc.",102967,Diversified REIT,United States and Canada,USA,25675,0,NA,23449,0
LockTite Storage,15197662,Self-Storage REIT,United States and Canada,USA,NA,NA,NA,NA,NA
"Lockwood Development Partners, LLC",29428637,Healthcare REIT,United States and Canada,USA,NA,NA,NA,NA,NA
"Lodging Fund REIT III, Inc",10922925,Hotel REIT,United States and Canada,USA,116414,64688,NA,45610,1.42
Lodging Trust USA,108052,Hotel REIT,United States and Canada,USA,NA,NA,NA,NA,NA
Loeb Realty Corporation,4019184,Diversified REIT,United States and Canada,USA,NA,NA,NA,NA,NA
LondonMetric Property Plc,4226240,Diversified REIT,Europe,United Kingdom,2626400,842700,2324.5,1737700,0.48
Longview Fibre Co.,5753032,Industrial REIT,United States and Canada,USA,NA,NA,NA,NA,NA
"LOTTE REIT Co., Ltd.",14832257,Retail REIT,Asia-Pacific,South Korea,NA,NA,1392.2,NA,NA
Lotus's Retail Growth Freehold and Leasehold Property Fund,4864352,Retail REIT,Asia-Pacific,Thailand,33274947,3061965,36227.9,29592087,0.1
"LTC Partners IX, L.P.",4384703,Healthcare REIT,United States and Canada,USA,NA,NA,NA,NA,NA
"LTC Properties, Inc.",102970,Healthcare REIT,United States and Canada,USA,1459486,649382,1324.1,775806,0.84
Luke REIT-Sofia,5759101,Diversified REIT,Europe,Bulgaria,NA,NA,NA,NA,NA
Luxury Real Estate Investment Fund,4864148,Hotel REIT,Asia-Pacific,Thailand,1816561,0,1375.5,1808352,NA
LXI REIT plc,4901958,Diversified REIT,Europe,United Kingdom,990100,190400,1018.9,781400,0.24
M&L Real Estate Investment Trust,5821197,Hotel REIT,Asia-Pacific,Singapore,NA,NA,NA,NA,NA
M7 Multi-Let REIT plc,8775328,Diversified REIT,Europe,United Kingdom,NA,NA,NA,NA,NA
"Mab American Property Reit, Inc.",5860053,Diversified REIT,United States and Canada,USA,NA,NA,NA,NA,NA
MacarthurCook Industrial Real Estate Investment Trust,5869524,Industrial REIT,Asia-Pacific,Australia,NA,NA,NA,NA,NA
Macau Property Opportunities Fund Limited,4218601,Diversified REIT,Europe,United Kingdom,247002,135430,32.2,97905,1.38
Macerich Company,103120,Retail REIT,United States and Canada,USA,9184005,6128566,3923.6,2445260,2.51
Mack-Cali Realty Corporation,103187,Office REIT,United States and Canada,USA,5147786,2825399,1675.2,1592380,1.77
"Mack-Cali Realty, LP",4064265,Office REIT,United States and Canada,USA,5147786,2825399,NA,2105677,1.34
"MacKenzie Realty Capital, Inc.",4327116,Diversified REIT,United States and Canada,USA,138553,38693,NA,97363,0.4
MacKenzie Realty Operating Partnership LP,20676498,Diversified REIT,United States and Canada,USA,NA,NA,NA,NA,NA
Macquarie Goodman Capital Trust,5748110,Industrial REIT,Asia-Pacific,Australia,2154500,1030800,NA,1115300,0.92
Macquarie Park Street Trust,4161832,Office REIT,Asia-Pacific,Australia,289660,0,NA,158028,NA
Macquarie ProLogis Trust,4143482,Industrial REIT,Asia-Pacific,Australia,1218508,0,NA,1072085,0
Macroimmune,13620254,Diversified REIT,Europe,Switzerland,NA,NA,NA,NA,NA
Mailbox REIT PLC,25682194,Office REIT,Europe,United Kingdom,187694,188609,NA,"(8,145)",NA
Major Cineplex Lifestyle Leasehold Property Fund.,4864076,Retail REIT,Asia-Pacific,Thailand,4210546,62210,2673,4002857,0.02
Malden Investment Trust Inc.,14083432,Office REIT,Europe,Cyprus,NA,NA,NA,NA,NA
"Mansfield Invest Socimi, S.A., Acciones",15774084,Diversified REIT,Europe,Spain,NA,NA,89.7,NA,NA
Manulife US Real Estate Investment Trust,4691527,Office REIT,Asia-Pacific,Singapore,2088059,852389,1170.2,1157888,0.74
Manulife US Real Estate Management Pte. Ltd.,15053799,Office REIT,Asia-Pacific,Singapore,NA,NA,NA,NA,NA
Mapletree Commercial Trust,4286492,Retail REIT,Asia-Pacific,Singapore,8950584,3029625,7107.5,5708968,0.53
Mapletree Industrial Trust,4273584,Industrial REIT,Asia-Pacific,Singapore,6391619,2271100,7234.4,3895000,0.58
Mapletree Industrial Trust Treasury Company Pte. Ltd.,6510490,Industrial REIT,Asia-Pacific,Singapore,NA,NA,NA,NA,NA
Mapletree Logistics Trust,4143509,Industrial REIT,Asia-Pacific,Singapore,11204673,4336249,8507.3,6119186,0.71
Mapletree North Asia Commercial Trust,4376952,Diversified REIT,Asia-Pacific,Singapore,8088673,3271315,3436.5,4385123,0.75
Maplewood International Real Estate Investment Trust,4410100,Diversified REIT,United States and Canada,Canada,12222,5475,NA,6044,0.91
Mar Mar Realty Trust,4024856,Retail REIT,United States and Canada,USA,NA,NA,NA,NA,NA
"Marimo Regional Revitalization REIT, Inc.",4863383,Diversified REIT,Asia-Pacific,Japan,32852,16168,19.8,14832,1.09
Mark Centers Trust,4979226,Retail REIT,United States and Canada,USA,254500,186993,NA,58044,3.22
Marti Gayrimenkul Yatirim Ortakligi A.S.,4864283,Hotel REIT,Europe,Turkey,995549,437603,297,492377,0.89
Marwest Apartment Real Estate Investment Trust,22034481,Residential REIT,United States and Canada,Canada,472,0,NA,457,NA
"Mastern 14 REIT Co., Ltd.",5877456,Residential REIT,Asia-Pacific,South Korea,NA,NA,NA,NA,NA
"Maxus Realty Trust, Inc.",102987,Residential REIT,United States and Canada,USA,169677,149924,191,16645,9.01
Mayfair Capital Investment Management Ltd.,4830627,Diversified REIT,Europe,United Kingdom,10745,2965,NA,4890,NA
MBU Capital (UK) LLP,9049553,Industrial REIT,Europe,United Kingdom,180,0,NA,50,NA
McArthur/Glen Realty Corp.,103100,Retail REIT,United States and Canada,USA,362858,206463,NA,81952,2.52
"Mckay Property Holdings, LLC",12708471,Diversified REIT,United States and Canada,USA,NA,NA,NA,NA,NA
McKay Securities Plc,4143587,Office REIT,Europe,United Kingdom,447020,145051,198.1,289902,0.5
MCO CR-REIT,5748871,Office REIT,Asia-Pacific,South Korea,172664,74504,NA,64308,1.16
MCUBS MidCity Investment Corporation,4214340,Office REIT,Asia-Pacific,Japan,302160,126975,NA,156976,0.81
"Medalist Diversified REIT, Inc.",8060895,Diversified REIT,United States and Canada,USA,79272,65231,19.7,11710,5.57
"MedEquities Realty Operating Partnership, LP",4624195,Healthcare REIT,United States and Canada,USA,NA,NA,NA,NA,NA
"MedEquities Realty Trust, Inc.",4545446,Healthcare REIT,United States and Canada,USA,632789,278137,NA,347360,0.8
"Medical Properties Trust, Inc.",4095909,Healthcare REIT,United States and Canada,USA,16829014,8957399,12282,7343857,1.22
MedicX Fund Limited,4229584,Healthcare REIT,Europe,United Kingdom,835760,450373,NA,358717,1.26
Melcor Real Estate Investment Trust,4388005,Diversified REIT,United States and Canada,Canada,724658,521286,88.8,188407,2.77
"Melting Division Wisdom To Real Estate Co.,Ltd.",6235906,Diversified REIT,Asia-Pacific,Hong Kong,NA,NA,NA,NA,NA
Menasha Forest Products Corporation,4690565,Self-Storage REIT,United States and Canada,USA,NA,NA,NA,NA,NA
MEPT Edgemoor REIT LLC,5851120,Diversified REIT,United States and Canada,USA,NA,NA,NA,NA,NA
"Mercal Inmuebles Socimi, S.A.",4864455,Retail REIT,Europe,Spain,32903,11170,35.5,19315,0.58
Mercialys,4143726,Retail REIT,Europe,France,2723575,1666213,887.2,895118,1.86
"Meredith Enterprises, Inc.",103528,Diversified REIT,United States and Canada,USA,56560,38319,NA,16883,2.27
"Meridia RE IV, SOCIMI, S.A.U.",19319315,Diversified REIT,Europe,Spain,NA,NA,NA,NA,NA
"Meridia Real Estate III, SOCIMI, S.A.",7921552,Office REIT,Europe,Spain,382653,147423,144.5,131275,1.12
"Meridian Industrial Trust, Inc.",103670,Industrial REIT,United States and Canada,USA,1255417,579990,NA,626043,0.93
Meridian Point Realty Trust 83,5743839,Industrial REIT,United States and Canada,USA,2178,0,NA,1993,NA
Meridian Point Realty Trust IV Co.,102975,Industrial REIT,United States and Canada,USA,57731,34809,NA,21365,1.63
Meridian Point Realty Trust VI Co.,102976,Industrial REIT,United States and Canada,USA,76129,35991,NA,37665,0.96
Meridian Point Realty Trust VII Co.,102977,Industrial REIT,United States and Canada,USA,109600,59376,NA,48357,1.23
Meridian Point Realty Trust VIII Co.,103020,Industrial REIT,United States and Canada,USA,79930,33707,NA,44397,0.76
MeriStar Hospitality Corporation,106998,Hotel REIT,United States and Canada,USA,2176031,1585075,NA,446054,3.55
"MeriStar Hospitality Operating Partnership, L.P.",4064467,Hotel REIT,United States and Canada,USA,2176024,1585075,NA,457099,3.47
"Merit Hill Capital, LP",10411324,Self-Storage REIT,United States and Canada,USA,NA,NA,NA,NA,NA
"MERLIN Properties SOCIMI, S.A.",4546598,Diversified REIT,Europe,Spain,13477612,5640721,4365.4,6696267,0.84
"Merry Land & Investment Company, Inc.",102981,Residential REIT,United States and Canada,USA,1427881,598082,NA,797333,0.75
Metric Property Investments Plc,4253700,Retail REIT,Europe,United Kingdom,61220,14329,NA,46890,NA
Metropolis Realty Trust Inc.,111907,Office REIT,United States and Canada,USA,460346,425000,NA,7305,58.18
Mexus REIT,107223,Diversified REIT,United States and Canada,USA,NA,NA,NA,NA,NA
"Meystel, Inc.",11198335,Specialty REIT,United States and Canada,USA,NA,NA,NA,NA,NA
MFC Industrial Real Estate Investment Trust,4864512,Specialty REIT,Asia-Pacific,Thailand,1176421,370441,294.5,713349,0.52
MFC Multi-National Residence Fund,4864155,Residential REIT,Asia-Pacific,Thailand,918265,0,318.2,911193,NA
MFC Patong Heritage Property Fund,5735938,Hotel REIT,Asia-Pacific,Thailand,643268,0,415.8,642782,NA
Mfc-Nichada Thani Property Fund,4863951,Residential REIT,Asia-Pacific,Thailand,710483,0,NA,701910,NA
MFC-Strategic Storage Fund,5730516,Industrial REIT,Asia-Pacific,Thailand,665054,0,364.8,656225,NA
MGI Properties,102972,Diversified REIT,United States and Canada,USA,98511,4585,NA,78838,0.06
MGM Growth Properties LLC,4674180,Hotel REIT,United States and Canada,USA,10600306,4510092,6369.5,5590742,0.81
MHC Operating Limited Partnership,4023272,Residential REIT,United States and Canada,USA,NA,NA,NA,NA,NA
"Mid-America Apartment Communities, Inc.",103123,Residential REIT,United States and Canada,USA,11194791,4594452,23415.1,6088408,0.75
"Mid-America Realty Investments, Inc.",102943,Retail REIT,United States and Canada,USA,140530,61522,NA,76913,0.8
Mid-Atlantic Realty Trust,103086,Retail REIT,United States and Canada,USA,424343,240031,NA,142763,1.68
"Midlantic Office Trust, Inc.",4101418,Office REIT,United States and Canada,USA,336013,126378,NA,208088,0.61
Midtown National Group,23897704,Diversified REIT,United States and Canada,USA,NA,NA,NA,NA,NA
Midwood Management Corporation,14467615,Office REIT,United States and Canada,USA,NA,NA,NA,NA,NA
MIG Real Estate LLC,5766499,Diversified REIT,United States and Canada,USA,NA,NA,NA,NA,NA
MIG Real Estate R.E.I.C.,4979227,Retail REIT,Europe,Greece,57529,11890,NA,43941,0.27
MIG Residential Reit Inc,4024208,Residential REIT,United States and Canada,USA,NA,NA,NA,NA,NA
Mighty Equities,100030965,Diversified REIT,United States and Canada,USA,NA,NA,NA,NA,NA
Milestone Apartments Real Estate Investment Trust,4375190,Residential REIT,United States and Canada,USA,2778795,1512260,NA,1196112,1.26
Milestone Multifamily Investors LP,4389462,Residential REIT,United States and Canada,Canada,NA,NA,NA,NA,NA
Mill Residential REIT Plc,4569983,Residential REIT,Europe,United Kingdom,46,0,NA,36,NA
"Millenium Hotels Real Estate I SOCIMI, S.A.",13090643,Hotel REIT,Europe,Spain,374500,93272,320.4,266898,0.35
Millerful Number One Real Estate Investment Trust,9898830,Retail REIT,Asia-Pacific,Taiwan,NA,NA,NA,NA,NA
Mills Corporation,103166,Retail REIT,United States and Canada,USA,6092100,4586400,NA,1095500,4.19
Mindspace Business Parks REIT,19727810,Office REIT,Asia-Pacific,India,222718000,37743000,190542.7,172134000,0.22
Minto Apartment Real Estate Investment Trust,10687522,Residential REIT,United States and Canada,Canada,2203284,1313718,878.6,850224,1.55
"MIP Properties, Inc.",102973,Diversified REIT,United States and Canada,USA,35907,5107,NA,30125,0.17
Mirae Asset Asia Pacific Real Estate 1 Investment Company,4864137,Diversified REIT,Asia-Pacific,South Korea,NA,NA,458.1,NA,NA
"Miraeasset Maps REIT 1 Co., Ltd.",20279495,Retail REIT,Asia-Pacific,South Korea,NA,NA,102.1,NA,NA
MIRAI Corporation,6661133,Office REIT,Asia-Pacific,Japan,161815,78700,88.6,75110,1.05
Mirvac Group,4143466,Diversified REIT,Asia-Pacific,Australia,15913000,3990000,11631.6,10659000,0.37
Mirvac Industrial Trust,5750076,Industrial REIT,Asia-Pacific,Australia,192308,110129,NA,71150,1.55
Mirvac Office Trust,5749398,Office REIT,Asia-Pacific,Australia,1150068,741984,NA,393674,1.89
Mirvac Real Estate Investment Trust,5741331,Diversified REIT,Asia-Pacific,Australia,1021270,473712,NA,531701,0.89
"Mission West Properties, Inc.",4044665,Office REIT,United States and Canada,USA,936487,341610,NA,553087,0.62
"Missouri Valley REIT, Inc.",5803201,Residential REIT,United States and Canada,USA,NA,NA,NA,NA,NA
Mistral Gayrimenkul Yatirim Ortakligi A.S.,6676249,Diversified REIT,Europe,Turkey,264685,0,598.6,256820,NA
"Mistral Iberia Real Estate SOCIMI, S.A.",10116347,Diversified REIT,Europe,Spain,28312,7564,23.1,20698,0.37
Mitsubishi Estate Logistics REIT Investment Corporation,7488814,Industrial REIT,Asia-Pacific,Japan,181206,59274,190.1,116410,0.51
Mitsui Fudosan Logistics Park Inc.,4864525,Industrial REIT,Asia-Pacific,Japan,296103,99400,317.6,187509,0.53
"MJK Investments, LLC",11073045,Diversified REIT,United States and Canada,USA,NA,NA,NA,NA,NA
"MJLA CT, LLC",8694795,Diversified REIT,United States and Canada,USA,NA,NA,NA,NA,NA
MODE TOUR Real Estate Investment Trust Incorporated,4864456,Hotel REIT,Asia-Pacific,South Korea,NA,NA,35.1,NA,NA
Modiv Inc.,4614373,Diversified REIT,United States and Canada,USA,407433,191510,NA,182887,1.05
"Mogulreit I, Llc",5877793,Diversified REIT,United States and Canada,USA,NA,NA,NA,NA,NA
Mohr Capital,5850782,Diversified REIT,United States and Canada,USA,NA,NA,NA,NA,NA
"Monarch Properties, Inc.",4018233,Specialty REIT,United States and Canada,USA,NA,NA,NA,NA,NA
Monceau Hôtel Bibliothèque,7691776,Hotel REIT,Europe,France,NA,NA,NA,NA,NA
Monmouth Capital Corporation,4054532,Diversified REIT,United States and Canada,USA,75742,50244,NA,21908,2.29
Monmouth Real Estate Investment Corporation,102974,Industrial REIT,United States and Canada,USA,1939783,874507,1878.6,1037605,0.84
Monogram Residential OP LP,4383540,Residential REIT,United States and Canada,USA,NA,NA,NA,NA,NA
"Monogram Residential Trust, Inc.",4190766,Residential REIT,United States and Canada,USA,3200102,1530230,NA,1540439,0.99
Montea Comm. VA,4260787,Industrial REIT,Europe,Belgium,1398921,508536,2104.8,815311,0.62
Monument Real Estate Services LLC,5848036,Diversified REIT,United States and Canada,USA,NA,NA,NA,NA,NA
"Moody National REIT I, Inc.",4206267,Diversified REIT,United States and Canada,USA,267250,169445,NA,90576,1.87
"Moody National REIT II, Inc.",4556303,Diversified REIT,United States and Canada,USA,444699,237516,NA,181291,1.31
Morgan Properties Trust,4294758,Residential REIT,United States and Canada,USA,1695332,1648348,NA,1506,NA
Morguard North American Residential Real Estate Investment Trust,4315478,Residential REIT,United States and Canada,Canada,3084358,1585001,719.8,1347619,1.18
Morguard Real Estate Investment Trust,4105065,Diversified REIT,United States and Canada,Canada,2557733,1353935,360.5,1157658,1.17
Mori Hills REIT Investment Corporation,4214010,Office REIT,Asia-Pacific,Japan,402888,184422,289.2,200764,0.92
"MORI TRUST Hotel Reit, Inc.",6596432,Hotel REIT,Asia-Pacific,Japan,109303,53975,70.1,50326,1.07
"MORI TRUST Sogo Reit, Incorporation",4143345,Office REIT,Asia-Pacific,Japan,330301,157000,192.7,160180,0.98
Mountain Paradise Invest REIT-Sofia,5777853,Self-Storage REIT,Europe,Bulgaria,NA,NA,NA,NA,NA
"MPG Office Trust, Inc.",4085443,Office REIT,United States and Canada,USA,1466859,1950384,NA,"(518,322)",NM
"MPT Operating Partnership, L.P.",4334930,Healthcare REIT,United States and Canada,USA,16829014,9008699,NA,7344247,1.23
MREIT Inc,29237467,Diversified REIT,Asia-Pacific,Philippines,NA,NA,45071.8,NA,NA
MRM,4260335,Diversified REIT,Europe,France,179379,80434,44.9,93888,0.86
MSA Realty Corporation,103019,Retail REIT,United States and Canada,USA,22323,0,NA,21732,0
MTK Developments,8777905,Specialty REIT,Europe,Austria,NA,NA,NA,NA,NA
MTM Entertainment Trust,5745952,Self-Storage REIT,Asia-Pacific,Australia,2041,0,NA,1891,NA
Multifamily Housing REIT Plc,10953976,Residential REIT,Europe,United Kingdom,NA,NA,NA,NA,NA
"MVP REIT II Operating Partnership, LP",4796803,Specialty REIT,United States and Canada,USA,NA,NA,NA,NA,NA
"MVP REIT, Inc.",4320246,Diversified REIT,United States and Canada,USA,133220,54063,NA,77895,0.69
N' Tandem Trust,103530,Residential REIT,United States and Canada,USA,132679,129427,NA,"(5,221)",NM
NADG NNN Real Estate Investment Trust,6610825,Diversified REIT,United States and Canada,Canada,NA,NA,NA,NA,NA
Naked Capital Group,22380821,Residential REIT,United States and Canada,USA,NA,NA,NA,NA,NA
"National Golf Properties, Inc.",103053,Specialty REIT,United States and Canada,USA,766224,484452,NA,100512,4.82
"National Health Investors, Inc.",102983,Healthcare REIT,United States and Canada,USA,3120489,1499285,2574.1,1522945,0.98
"National Health Realty, Inc.",4002566,Healthcare REIT,United States and Canada,USA,140305,8750,NA,112385,0.08
National Income Realty Trust,102985,Diversified REIT,United States and Canada,USA,265640,184126,NA,71091,2.59
National Property REIT Corp.,4579550,Diversified REIT,United States and Canada,USA,NA,NA,NA,NA,NA
"National Retail Properties, Inc.",103064,Retail REIT,United States and Canada,USA,7637844,3229802,8103.9,4319304,0.75
"National Retail Properties, LP",5760925,Retail REIT,United States and Canada,USA,NA,NA,NA,NA,NA
National Storage Affiliates Trust,4579197,Self-Storage REIT,United States and Canada,USA,3513577,1941727,5308.5,1430475,1.36
National Storage REIT,4420120,Self-Storage REIT,Asia-Pacific,Australia,3251873,868750,2923.2,2284642,0.38
"Nationwide Health Properties, Inc.",102984,Healthcare REIT,United States and Canada,USA,4092624,1529257,NA,2333110,0.66
NBP Capital,5857179,Diversified REIT,United States and Canada,USA,NA,NA,NA,NA,NA
Neev Capital,13543037,Industrial REIT,Asia-Pacific,India,NA,NA,NA,NA,NA
NETSTREIT Corp.,19574131,Retail REIT,United States and Canada,USA,725815,174105,994.1,528073,0.33
Netstreit L.P.,19677199,Retail REIT,United States and Canada,USA,NA,NA,NA,NA,NA
New Century Real Estate Investment Trust,4864408,Hotel REIT,Asia-Pacific,Hong Kong,4369857,1796038,NA,1698566,1.06
New City Residence Investment Corporation,4208410,Residential REIT,Asia-Pacific,Japan,193625,91589,NA,94276,0.97
New Frontier Properties Ltd,4685997,Retail REIT,Europe,United Kingdom,122196,162280,165.8,"(44,199)",NM
"New GGP, Inc.",4273570,Retail REIT,United States and Canada,USA,NA,NA,NA,NA,NA
"New Plan Excel Realty Trust, Inc.",102986,Retail REIT,United States and Canada,USA,3327133,1552625,NA,1510915,1.03
New Plan Realty Trust,5743111,Retail REIT,United States and Canada,USA,1394698,571658,NA,786059,0.73
New Senior Investment Group Inc.,4544851,Healthcare REIT,United States and Canada,USA,1773536,1487909,NA,203233,7.32
"New York City REIT, Inc.",4433631,Diversified REIT,United States and Canada,USA,861846,451394,107.1,381567,1.18
"New York REIT, Inc.",4246025,Office REIT,United States and Canada,USA,1090733,215494,NA,833113,0.26
Newbury Franklin LLC,100003527,Specialty REIT,United States and Canada,USA,NA,NA,NA,NA,NA
Newcore Gangnam Corporate Restructuring Real Estate Investment Trust,5804319,Diversified REIT,Asia-Pacific,South Korea,NA,NA,NA,NA,NA
"Newkirk Realty Trust, Inc.",4104398,Diversified REIT,United States and Canada,USA,1345084,810483,NA,176041,4.6
NewRiver REIT plc,4279144,Retail REIT,Europe,United Kingdom,1225900,715300,225.9,460400,1.55
NewRiver Retail Limited,5878414,Retail REIT,Europe,United Kingdom,0,0,NA,0,NA
NexPoint Hospitality Trust,13485338,Hotel REIT,United States and Canada,Canada,284815,276028,74.2,"(26,009)",NM
NexPoint Hospitality Trust Inc.,4580141,Hotel REIT,United States and Canada,USA,NA,NA,NA,NA,NA
"NexPoint Multifamily Capital Trust, Inc.",4567448,Residential REIT,United States and Canada,USA,45826,37689,NA,6644,5.67
"NexPoint Multifamily Operating Partnership, L.P.",4797072,Residential REIT,United States and Canada,USA,NA,NA,NA,NA,NA
"NexPoint Real Estate Opportunities, LLC",5845357,Diversified REIT,United States and Canada,USA,NA,NA,NA,NA,NA
"NexPoint Residential Trust, Inc.",4561930,Residential REIT,United States and Canada,USA,1829214,1345178,1781.6,407927,3.3
Nexus Real Estate Investment Trust,4573165,Diversified REIT,United States and Canada,Canada,710499,391902,574.9,299579,1.31
"NH Prime REIT Co., Ltd.",19458039,Office REIT,Asia-Pacific,South Korea,NA,NA,91.8,NA,NA
NHP/PMB L.P.,8637381,Healthcare REIT,United States and Canada,USA,NA,NA,NA,NA,NA
"NHT Operating Partnership, LLC",13495461,Hotel REIT,United States and Canada,USA,NA,NA,NA,NA,NA
Nippon Accommodations Fund Inc.,4211143,Residential REIT,Asia-Pacific,Japan,317740,159500,316.7,151023,1.06
Nippon Building Fund Incorporation,4143338,Office REIT,Asia-Pacific,Japan,1305388,550500,1222.9,669870,0.82
Nippon Commercial Investment Corporation,4149887,Office REIT,Asia-Pacific,Japan,265673,134391,NA,117696,1.14
Nippon Healthcare Investment Corporation,4579967,Healthcare REIT,Asia-Pacific,Japan,20962,9800,NA,10226,0.96
"Nippon Prologis REIT, Inc.",4376873,Industrial REIT,Asia-Pacific,Japan,752998,284500,975.9,440356,0.65
NIPPON REIT Investment Corporation,4581586,Diversified REIT,Asia-Pacific,Japan,276121,132620,192.8,131393,1.01
Nippon Residential Investment Corporation,4210851,Residential REIT,Asia-Pacific,Japan,323761,168901,NA,150601,1.12
Nobel Real Estate Investment Trust,4603659,Diversified REIT,United States and Canada,Canada,113505,68410,NA,42633,1.6
"Nomura Real Estate Master Fund, Inc.",4393697,Diversified REIT,Asia-Pacific,Japan,NA,NA,NA,NA,NA
"Nomura Real Estate Master Fund, Inc.",4633493,Diversified REIT,Asia-Pacific,Japan,1192508,518006,794.5,619901,0.84
"Nomura Real Estate Office Fund, Inc.",4149735,Office REIT,Asia-Pacific,Japan,439861,196950,NA,215198,0.92
"Nomura Real Estate Residential Fund, Inc.",4290327,Residential REIT,Asia-Pacific,Japan,169316,91130,NA,75155,1.21
"North American Trust, Inc.",102969,Residential REIT,United States and Canada,USA,17172,10644,NA,4868,2.19
NorthEast Valley Financial,13990344,Hotel REIT,United States and Canada,USA,NA,NA,NA,NA,NA
NorthStar Capital Investment Corporation,4010362,Diversified REIT,United States and Canada,USA,NA,NA,NA,NA,NA
"NorthStar Healthcare Income, Inc.",4275801,Healthcare REIT,United States and Canada,USA,1918436,1453246,232.2,412062,3.53
"NorthStar Healthcare Investors, Inc.",4247162,Industrial REIT,United States and Canada,USA,462305,334103,NA,121912,2.74
NorthStar Realty Europe Corp.,4608576,Office REIT,United States and Canada,USA,1425499,682912,NA,678103,1.01
NorthStar Realty Finance Corp.,4092549,Diversified REIT,United States and Canada,USA,12216889,8442768,NA,3333835,2.53
"NorthStar/RXR New York Metro Real Estate, Inc.",4571225,Diversified REIT,United States and Canada,USA,51372,0,NA,50900,0
Northview Apartment Real Estate Investment Trust,4105074,Residential REIT,United States and Canada,Canada,4575237,2371129,NA,2096842,1.13
NorthWest Healthcare Properties Real Estate Investment Trust,4256963,Healthcare REIT,United States and Canada,Canada,1244641,758718,NA,458507,1.65
NorthWest Healthcare Properties Real Estate Investment Trust,4346640,Healthcare REIT,United States and Canada,Canada,5845238,2809780,2922.3,2535668,1.11
NSI N.V.,4143778,Office REIT,Europe,Netherlands,1258103,368149,665.8,854438,0.43
NTT UD REIT Investment Corporation,4143348,Diversified REIT,Asia-Pacific,Japan,265361,126500,202,126413,1
Nurol Gayrimenkul Yatirim Ortakligi A.S.,4863852,Diversified REIT,Europe,Turkey,1640072,1131436,4603.4,330048,3.43
"Nuveen Global Cities REIT, Inc.",7922735,Diversified REIT,United States and Canada,USA,586523,176851,NA,376777,0.47
"Nuvensus, Llc",27562056,Specialty REIT,United States and Canada,USA,NA,NA,NA,NA,NA
NYX Capital Corporation,29367299,Diversified REIT,United States and Canada,Canada,NA,NA,NA,NA,NA
O&Y Real Estate Investment Trust,4105076,Office REIT,United States and Canada,Canada,1115754,469729,NA,591495,0.79
OakPoint Real Estate,22794322,Diversified REIT,United States and Canada,USA,NA,NA,NA,NA,NA
"Oaktree Real Estate Income Trust, Inc.",10134743,Diversified REIT,United States and Canada,USA,440874,229187,NA,193184,1.19
"Oasis Residential, Inc.",103093,Residential REIT,United States and Canada,USA,846528,448774,NA,369276,1.22
O-Bank Number One Real Estate Investment Trust,9898658,Diversified REIT,Asia-Pacific,Taiwan,3235400,0,2727,3161951,NA
"O'Donnell Strategic Industrial REIT, Inc.",4274384,Industrial REIT,United States and Canada,USA,6496,3899,NA,2099,1.86
Office Properties Income Trust,4226533,Office REIT,United States and Canada,USA,3946436,2203145,1302.6,1609392,1.37
Officiis Properties SA,4215913,Office REIT,Europe,France,48031,21333,NA,"(4,405)",NA
"Olimpo Real Estate SOCIMI, S.A.",6676232,Retail REIT,Europe,Spain,364234,176701,206.4,182578,0.97
"Olive Tree Holdings, LLC",7765481,Residential REIT,United States and Canada,USA,NA,NA,NA,NA,NA
"Omega Healthcare Investors, Inc.",103065,Healthcare REIT,United States and Canada,USA,9497449,5169252,7300,4036607,1.28
Omix Ventures Pvt. Ltd.,13737845,Healthcare REIT,Europe,United Kingdom,NA,NA,NA,NA,NA
"One Liberty Properties, Inc.",102988,Diversified REIT,United States and Canada,USA,776137,449726,660.5,291960,1.54
"One REIT, Inc",4545480,Office REIT,Asia-Pacific,Japan,110404,50824,80.5,52368,0.97
OneREIT,4122036,Retail REIT,United States and Canada,Canada,1211813,742975,NA,427937,1.74
Onyx Property Trust,5749594,Office REIT,Asia-Pacific,Australia,NA,NA,NA,NA,NA
Ooedo Onsen Reit Investment Corporation,4849314,Hotel REIT,Asia-Pacific,Japan,37123,14272,19,21092,0.68
"Optimum III Value-Added Residential Socimi, S.A.",7703944,Residential REIT,Europe,Spain,104756,55380,56.5,39477,1.4
"Optimum RE Spain, SOCIMI, S.A.",5738449,Residential REIT,Europe,Spain,73065,31133,64.6,39482,0.79
Orange Hospitality Inc.,4093107,Hotel REIT,United States and Canada,USA,NA,NA,NA,NA,NA
"Orange REIT, Inc.",4114653,Hotel REIT,United States and Canada,USA,1205,1120,NA,(742),(1.51)
"Orbis Properties SOCIMI, S.A.",20318173,Office REIT,Europe,Spain,261542,194497,NA,51310,3.79
"Orinoquia Real Estate SOCIMI, S.A.",27388980,Residential REIT,Europe,Spain,NA,NA,12.5,NA,NA
ORIX JREIT Inc.,4143346,Office REIT,Asia-Pacific,Japan,684212,297717,497.9,348890,0.85
Osher Real Estate Group LLC,13577454,Office REIT,United States and Canada,USA,NA,NA,NA,NA,NA
OUE Commercial Real Estate Investment Trust,4428909,Diversified REIT,Asia-Pacific,Singapore,6766398,2721918,2501.6,3775662,0.72
OUE Hospitality Real Estate Investment Trust,5838224,Hotel REIT,Asia-Pacific,Singapore,NA,NA,NA,NA,NA
OUE Hospitality Trust,4401545,Hotel REIT,Asia-Pacific,Singapore,2255464,868038,NA,1372126,0.63
OUTFRONT Media Inc. (REIT),4157548,Specialty REIT,United States and Canada,USA,5896900,4129300,3720,1383700,2.98
"Ovation Acquisition I, Inc. (REIT)",4639576,Specialty REIT,United States and Canada,USA,NA,NA,NA,NA,NA
Oxford Investa Property Partners,4143465,Office REIT,Asia-Pacific,Australia,4451900,1085900,NA,3274000,0.33
Ozak Gayrimenkul Yatirim Ortakligi A.S.,4864345,Diversified REIT,Europe,Turkey,5875358,594382,1830.6,3494467,0.17
Ozderici Gayrimenkul Yatirim Ortakligi A.S.,4863836,Diversified REIT,Europe,Turkey,465314,14731,397.5,415060,0.04
P·B·G Projektentwicklung · Baumanagement · Gesellschaft mbH,7579399,Industrial REIT,Europe,Germany,245,NA,NA,229,NA
"Pacific Gateway Properties, Inc.",4045228,Diversified REIT,United States and Canada,USA,60819,44516,NA,7071,6.3
"Pacific Oak Residential Trust, Inc.",4542409,Residential REIT,United States and Canada,USA,83102,50132,NA,30571,1.64
Pacific Oak Strategic Opportunity Limited Partnership,4413844,Diversified REIT,United States and Canada,USA,NA,NA,NA,NA,NA
Pacific Oak Strategic Opportunity Limited Partnership II,4420989,Diversified REIT,United States and Canada,USA,NA,NA,NA,NA,NA
"Pacific Oak Strategic Opportunity REIT II, Inc.",4419503,Diversified REIT,United States and Canada,USA,543483,334202,NA,190242,1.76
"Pacific Oak Strategic Opportunity REIT, Inc.",4224476,Diversified REIT,United States and Canada,USA,1731665,1108342,NA,519712,2.13
"Pacific Office Properties Trust, Inc.",103043,Office REIT,United States and Canada,USA,250725,333614,NA,"(159,986)",NM
Pacific Real Estate Investment Trust,103512,Retail REIT,United States and Canada,USA,7096,0,NA,6782,0
"PacVentures, Inc.",5867485,Industrial REIT,United States and Canada,USA,NA,NA,NA,NA,NA
Palace REIT,4007930,Diversified REIT,United States and Canada,USA,NA,NA,NA,NA,NA
Paladin Commercial Trust,5749499,Office REIT,Asia-Pacific,Australia,503189,106692,NA,380767,NA
Paladin Industrial Trust,5749498,Industrial REIT,Asia-Pacific,Australia,NA,NA,NA,NA,NA
"Paladin Realty Income Properties, Inc.",4092101,Diversified REIT,United States and Canada,USA,216511,166941,NA,45221,3.69
Palatine Investments,27473515,Residential REIT,United States and Canada,USA,NA,NA,NA,NA,NA
Palisades Hotel Partners LLC,7690853,Hotel REIT,United States and Canada,USA,NA,NA,NA,NA,NA
"Palmer Enterprises, Inc.",9776723,Industrial REIT,United States and Canada,USA,NA,NA,NA,NA,NA
Palmetto Real Estate Trust,107167,Retail REIT,United States and Canada,USA,14569,9194,7.8,4871,1.89
"Pan Pacific Retail Properties, Inc.",113043,Retail REIT,United States and Canada,USA,2098764,1088540,NA,938043,1.16
Panora Gayrimenkul Yatirim Ortakligi A.S.,4863211,Retail REIT,Europe,Turkey,958329,0,550.7,932767,NA
"Paragon Group, Inc.",103176,Residential REIT,United States and Canada,USA,536867,297292,NA,174506,1.7
Paragon Real Estate Equity and Investment Trust,107420,Diversified REIT,United States and Canada,USA,57656,15390,1.1,38442,0.4
"Paramount Group, Inc.",4323331,Office REIT,United States and Canada,USA,8554097,3800739,1999.1,4515734,0.84
Paravest Capital LLC,20299985,Diversified REIT,United States and Canada,USA,NA,NA,NA,NA,NA
Paref SA,4862601,Diversified REIT,Europe,France,221833,67182,83.7,137805,0.49
Park Hotels & Resorts Inc.,4813312,Hotel REIT,United States and Canada,USA,10587000,5365000,4398.8,4843000,1.11
Park REIT,4862648,Residential REIT,Europe,Bulgaria,7543,1577,6.6,5921,0.27
Parker New York Hotel,13932744,Retail REIT,United States and Canada,USA,NA,NA,NA,NA,NA
"Parking REIT, Inc.",4617489,Specialty REIT,United States and Canada,USA,293732,160626,NA,110818,1.45
Parkway Life Real Estate Investment Trust,4221913,Healthcare REIT,Asia-Pacific,Singapore,2066971,793651,2740.7,1183615,0.67
Parkway Properties LP,4064365,Office REIT,United States and Canada,USA,NA,NA,NA,NA,NA
"Parkway Properties, Inc.",108213,Office REIT,United States and Canada,USA,3609281,1778382,NA,1636211,1.09
"Parkway, Inc.",4774028,Office REIT,United States and Canada,USA,2163895,793179,NA,1151922,0.69
Partners & Co,15140820,Diversified REIT,United States and Canada,USA,NA,NA,NA,NA,NA
"Partners Preferred Yield II, Inc.",102906,Specialty REIT,United States and Canada,USA,49734,0,NA,47396,0
"Partners Preferred Yield III, Inc.",102907,Specialty REIT,United States and Canada,USA,20323,0,NA,18985,0
"Partners Preferred Yield, Inc.",102905,Specialty REIT,United States and Canada,USA,46806,0,NA,44336,0
Partners Real Estate Investment Trust,4256966,Retail REIT,United States and Canada,Canada,288694,178611,NA,99663,1.79
"Passco Apartment REIT, Inc.",4246647,Residential REIT,United States and Canada,USA,NA,NA,NA,NA,NA
Patrimoine et Commerce SA,4861797,Retail REIT,Europe,France,902940,453547,246.5,399254,1.14
Pavilion Real Estate Investment Trust,4307515,Retail REIT,Asia-Pacific,Malaysia,6241907,2163272,4270.1,3859317,0.56
"Peak Capital Partners, LLC",5807578,Residential REIT,United States and Canada,USA,NA,NA,NA,NA,NA
Pebblebrook Hotel Trust,4243454,Hotel REIT,United States and Canada,USA,6076366,2600586,2887.8,3264326,0.8
"Pebblebrook Hotel, L.P.",4383571,Hotel REIT,United States and Canada,USA,NA,NA,NA,NA,NA
Peker Gayrimenkul Yatirim Ortakligi Anonim Sirketi,10088161,Diversified REIT,Europe,Turkey,508145,71600,242.9,389006,0.18
Pennsylvania Real Estate Investment Trust,102991,Retail REIT,United States and Canada,USA,2177186,1883859,140.4,126940,14.84
"Pensam Capital, LLC",7060594,Residential REIT,United States and Canada,USA,NA,NA,NA,NA,NA
PERA Gayrimenkul Yatirim Ortakligi AS,4864012,Diversified REIT,Europe,Turkey,126230,48632,195.3,74408,0.65
Peregrine Real Estate Trust,103610,Diversified REIT,United States and Canada,USA,74139,70414,NA,547,128.73
Petra Fund REIT Corp.,5814369,Diversified REIT,United States and Canada,USA,NA,NA,NA,NA,NA
"Phillips Edison & Company, Inc.",4249007,Retail REIT,United States and Canada,USA,4678563,2298336,3487,2015929,1.14
"Phillips Edison Grocery Center Operating Partnership I, L.P.",4381967,Retail REIT,United States and Canada,USA,NA,NA,NA,NA,NA
"Phillips Edison Grocery Center Operating Partnership II, L.P.",4437931,Retail REIT,United States and Canada,USA,NA,NA,NA,NA,NA
"Phillips Edison Grocery Center REIT II, Inc.",4404765,Retail REIT,United States and Canada,USA,1652317,775275,NA,783279,0.99
"Phillips Edison Grocery Center REIT III, Inc.",5892595,Retail REIT,United States and Canada,USA,48777,0,NA,42232,0
"Phillips Edison Shopping Center REIT, Inc.",5805401,Retail REIT,United States and Canada,USA,NA,NA,NA,NA,NA
Physicians Realty L.P.,4413141,Healthcare REIT,United States and Canada,USA,NA,NA,NA,NA,NA
Physicians Realty Trust,4391353,Healthcare REIT,United States and Canada,USA,4413950,1512966,4054.2,2715002,0.56
Picton Property Income Limited,4143589,Diversified REIT,Europe,United Kingdom,712471,165469,542.8,528197,0.31
"Piedmont Office Realty Trust, Inc.",113477,Office REIT,United States and Canada,USA,3739810,1622204,2287.8,1897961,0.85
"Piedmont Operating Partnership, L.P.",4064260,Office REIT,United States and Canada,USA,NA,NA,NA,NA,NA
Pine Trail Real Estate Investment Trust,10135471,Office REIT,United States and Canada,Canada,3076,0,2.5,2687,NA
Pineapple Corporation Plc,7132002,Diversified REIT,Europe,United Kingdom,68342,23609,43.9,44168,0.54
Ping An Guangzhou Comm Invest Guanghe Expressway,29248554,Self-Storage REIT,Asia-Pacific,China,5468517,3625790,NA,1807627,2.01
Pinnacle Holdings Inc.,4051445,Specialty REIT,United States and Canada,USA,1034333,885471,NA,83798,10.57
Pinthong Industrial Park Property Fund,4864439,Industrial REIT,Asia-Pacific,Thailand,2482740,0,2537,2423112,NA
"Plant Interscapes, Inc.",11192257,Specialty REIT,United States and Canada,USA,NA,NA,NA,NA,NA
Platform Property,14303350,Office REIT,Europe,United Kingdom,NA,NA,NA,NA,NA
Plaza Retail REIT,4305303,Retail REIT,United States and Canada,Canada,1139127,681689,467.2,426902,1.6
"Plum Creek Timber Company, Inc.",4049183,Specialty REIT,United States and Canada,USA,4990000,3282000,NA,1478000,2.22
Plural/Mixed,13627888,Residential REIT,Europe,Romania,NA,NA,NA,NA,NA
"Plymouth Industrial OP, LP",4381970,Industrial REIT,United States and Canada,USA,NA,NA,NA,NA,NA
"Plymouth Industrial REIT, Inc.",4282399,Industrial REIT,United States and Canada,USA,920270,528914,873,203522,2.6
Polar Star Realty Trust Inc.,4564163,Diversified REIT,United States and Canada,USA,NA,NA,NA,NA,NA
"Post Apartment Homes, L.P.",4064470,Residential REIT,United States and Canada,USA,2271832,892902,NA,1250160,0.71
"Post Properties, Inc.",103060,Residential REIT,United States and Canada,USA,2267249,884954,NA,1243027,0.71
"Postal Realty Trust, Inc.",14199292,Office REIT,United States and Canada,USA,258885,124629,259.2,119639,1.04
PotlatchDeltic Corporation,4062379,Specialty REIT,United States and Canada,USA,2381065,775602,3720.3,1304953,0.59
"Potomac Investment Properties, Inc.",13914354,Specialty REIT,United States and Canada,USA,NA,NA,NA,NA,NA
Power REIT,103006,Specialty REIT,United States and Canada,USA,40539,23798,175.9,11718,2.03
Powergrid Infrastructure Investment Trust,27647256,Industrial REIT,Asia-Pacific,India,68212160,51768180,257779.4,15337020,3.38
PPF Pre-REIT LLC,7457253,Diversified REIT,United States and Canada,USA,NA,NA,NA,NA,NA
Precinct Properties New Zealand Limited,4143537,Office REIT,Asia-Pacific,New Zealand,3456400,1136400,2576.2,2220600,0.51
"Preferred Apartment Communities, Inc.",4263486,Residential REIT,United States and Canada,USA,4281079,2616464,631.2,1438448,1.82
Premier Fund REIT,4862645,Diversified REIT,Europe,Bulgaria,78155,58696,20.9,19064,3.08
Prentiss Properties Trust,107137,Office REIT,United States and Canada,USA,2541363,1364585,NA,1042548,1.31
PREOS Global Office Real Estate & Technology AG,10502352,Office REIT,Europe,Germany,912866,606342,357.4,263214,2.3
Presario Ventures,22300576,Residential REIT,United States and Canada,USA,NA,NA,NA,NA,NA
Presidential Realty Corporation,102990,Diversified REIT,United States and Canada,USA,1058,1541,0,(854),NM
Presidio Golf Trust,4019256,Specialty REIT,United States and Canada,USA,NA,NA,NA,NA,NA
"Presidio Property Trust, Inc.",4206498,Diversified REIT,United States and Canada,USA,185569,127632,45.5,50123,2.55
Priam Properties Inc.,15054254,Office REIT,United States and Canada,USA,21991,16022,NA,5208,3.08
"Price Development Company, LP",4064388,Retail REIT,United States and Canada,USA,NA,NA,NA,NA,NA
Price Legacy Corporation,4044073,Retail REIT,United States and Canada,USA,1170888,564481,NA,574854,0.98
"Price REIT, Inc.",102992,Retail REIT,United States and Canada,USA,637503,299628,NA,326246,0.92
Primaris Retail Real Estate Investment Trust,4105140,Retail REIT,United States and Canada,Canada,4218060,1795547,NA,2330051,0.77
Primary Health Properties Plc,4143611,Healthcare REIT,Europe,United Kingdom,2697100,1217400,2043.7,1414400,0.86
Prime Credit Property Trust,6333863,Office REIT,Asia-Pacific,Australia,2235300,429100,NA,1776800,0.24
Prime Group Realty Trust,113585,Diversified REIT,United States and Canada,USA,60,NA,NA,60,NA
"Prime Group Realty, L.P",4064364,Diversified REIT,United States and Canada,USA,NA,NA,NA,NA,NA
Prime Office AG,4286494,Office REIT,Europe,Germany,1031602,546200,NA,389110,1.4
Prime Office Leasehold Property Fund,4864316,Office REIT,Asia-Pacific,Thailand,6301961,510250,5587,5484324,0.09
Prime Property BG REIT,4862577,Diversified REIT,Europe,Bulgaria,26440,0,26.8,26238,NA
"Prime Property Fund, LLC",5724607,Diversified REIT,United States and Canada,USA,NA,NA,NA,NA,NA
"Prime Retail, Inc.",103096,Retail REIT,United States and Canada,USA,818088,608702,NA,157372,3.87
"Prime Retail, LP",4039382,Industrial REIT,United States and Canada,USA,NA,NA,NA,NA,NA
Prime US REIT,15217916,Office REIT,Asia-Pacific,Singapore,1446849,480477,997.2,907792,0.53
Primewest Group Limited,5867665,Diversified REIT,Asia-Pacific,Australia,221417,1370,NA,214694,0.01
"Prism Capital Partners, LLC",4112882,Diversified REIT,United States and Canada,USA,NA,NA,NA,NA,NA
Prison Realty Trust Inc.,112931,Diversified REIT,United States and Canada,USA,2735922,1098991,NA,1420349,0.77
Pro Real Estate Investment Trust,4381232,Diversified REIT,United States and Canada,Canada,634484,373900,399.2,243201,1.54
Pro REIT Limited Partnership,4602192,Diversified REIT,United States and Canada,Canada,NA,NA,NA,NA,NA
"Procaccianti Hotel REIT, Inc.",8324564,Hotel REIT,United States and Canada,USA,100954,57861,NA,36661,1.58
Prodea Real Estate Investment Company Société Anonyme,4863039,Diversified REIT,Europe,Greece,2449402,901945,1954.5,1403299,0.64
ProLogis Garonor,7121492,Industrial REIT,Europe,France,1696832,978988,NA,479513,NA
ProLogis Limited Partnership,4064366,Industrial REIT,United States and Canada,USA,56065005,17336197,NA,36324580,0.48
ProLogis UK Limited,5746519,Industrial REIT,Europe,United Kingdom,132656,NA,NA,104354,NA
"Prologis, Inc.",103146,Industrial REIT,United States and Canada,USA,56065005,17336048,106452.1,36324580,0.48
Properties Capital Investments REIT,5767600,Diversified REIT,Europe,Bulgaria,NA,NA,NA,NA,NA
Property Capital Trust,102989,Office REIT,United States and Canada,USA,1328,1294,NA,(65),(19.87)
Property For Industry Limited,4863420,Industrial REIT,Asia-Pacific,New Zealand,1687359,513275,1468,1136613,0.45
Property Leaders Australia and New Zealand,4980224,Diversified REIT,Asia-Pacific,New Zealand,NA,NA,NA,NA,NA
Property Leaders New Zealand Ltd,4980226,Diversified REIT,Asia-Pacific,New Zealand,NA,NA,NA,NA,NA
Property Resources Equity Trust,103518,Diversified REIT,United States and Canada,USA,2522,0,NA,2504,0
Property Secured Investments Inc.,103519,Diversified REIT,United States and Canada,USA,258,0,NA,258,0
Propertylink Group,4767248,Industrial REIT,Asia-Pacific,Australia,942561,288657,NA,631338,0.46
Prospect Logistics and Industrial Leasehold Real Estate Investment Trust,19897257,Industrial REIT,Asia-Pacific,Thailand,3706052,1039613,2425.5,2464554,0.42
Prospect Reit Investment Corporation,4214348,Residential REIT,Asia-Pacific,Japan,71398,35354,NA,34737,1.02
Prosperity Real Estate Investment Trust,4149720,Office REIT,Asia-Pacific,Hong Kong,10511817,2327940,4539.4,7542506,0.31
Providence Investments,5822538,Residential REIT,United States and Canada,USA,NA,NA,NA,NA,NA
Provident Senior Living Trust,4096096,Residential REIT,United States and Canada,USA,1022168,587484,NA,395203,1.49
PRS REIT plc,5646854,Residential REIT,Europe,United Kingdom,873369,355890,546,490270,0.73
Prudential Realty Trust,102993,Diversified REIT,United States and Canada,USA,76779,16975,NA,56652,0.3
"PS Business Parks, Inc.",102900,Office REIT,United States and Canada,USA,6823,575,NA,5712,0.1
"PS Business Parks, Inc.",102999,Diversified REIT,United States and Canada,USA,2057705,1500,4873.1,1975640,0
"PSA Institutional Partners, L.P.",4064368,Self-Storage REIT,United States and Canada,USA,NA,NA,NA,NA,NA
Public Storage,103016,Self-Storage REIT,United States and Canada,USA,11816546,2844992,57182.2,8576899,0.33
"Public Storage Properties IX, Inc.",102901,Specialty REIT,United States and Canada,USA,27300,1050,NA,24738,0.04
"Public Storage Properties VI, Inc.",102995,Specialty REIT,United States and Canada,USA,29279,0,NA,27262,0
"Public Storage Properties VII, Inc.",102996,Specialty REIT,United States and Canada,USA,40700,917,NA,37235,0.02
"Public Storage Properties VIII, Inc.",102997,Specialty REIT,United States and Canada,USA,29289,0,NA,25971,0
"Public Storage Properties X, Inc.",102998,Specialty REIT,United States and Canada,USA,27239,4900,NA,20973,0.23
"Public Storage Properties XII, Inc.",103000,Specialty REIT,United States and Canada,USA,29926,0,NA,27676,0
"Public Storage Properties XIV, Inc.",102902,Specialty REIT,United States and Canada,USA,38787,0,NA,36978,0
"Public Storage Properties XIX, Inc.",102904,Specialty REIT,United States and Canada,USA,49527,0,NA,46968,0
"Public Storage Properties XV, Inc.",102903,Specialty REIT,United States and Canada,USA,39016,0,NA,37598,0
"Public Storage Properties XVI, Inc.",103001,Specialty REIT,United States and Canada,USA,51663,0,NA,48510,0
"Public Storage Properties XVII, Inc.",103002,Specialty REIT,United States and Canada,USA,48920,4650,NA,41528,0.11
"Public Storage Properties XVIII, Inc.",103003,Specialty REIT,United States and Canada,USA,54176,4150,NA,47094,0.09
"Public Storage Properties XX, Inc.",103004,Specialty REIT,United States and Canada,USA,15752,0,NA,14595,0
Puldin Properties Invest REIT,5798516,Diversified REIT,Europe,Bulgaria,NA,NA,38.6,NA,NA
Pure Industrial Real Estate Trust,4256969,Industrial REIT,United States and Canada,Canada,3220813,1221713,NA,1906903,0.64
Pure Multi-Family REIT LP,4326872,Residential REIT,United States and Canada,Canada,1191368,626097,NA,534894,1.17
Pure US Apartments REIT Inc.,5843715,Residential REIT,United States and Canada,USA,NA,NA,NA,NA,NA
Qihang Capital,13601007,Diversified REIT,Asia-Pacific,China,NA,NA,NA,NA,NA
Qrf Comm. VA,4422539,Retail REIT,Europe,Belgium,239545,117267,78.2,117507,1
"QTS Realty Trust, Inc.",4405219,Specialty REIT,United States and Canada,USA,3898572,1927498,NA,1584698,1.22
"Quality Care Properties, Inc.",4745972,Healthcare REIT,United States and Canada,USA,4392064,1762180,NA,2599260,0.68
Quality Houses Hotel and Residence Freehold and Leasehold Property Fund,4864370,Hotel REIT,Asia-Pacific,Thailand,4807914,25050,1999.2,4777829,0.01
Quality Houses Leasehold Property Fund,4864046,Office REIT,Asia-Pacific,Thailand,10438493,654000,7930.2,9422876,0.07
"QualityTech, LP",4414415,Specialty REIT,United States and Canada,USA,NA,NA,NA,NA,NA
Quantum Developments Reit Plc,5751937,Diversified REIT,Europe,Bulgaria,NA,NA,NA,NA,NA
Quattro Income Real Estate Investment Trust,5853338,Diversified REIT,Asia-Pacific,Australia,NA,NA,NA,NA,NA
Quay 62 Pty Ltd.,7457335,Industrial REIT,Asia-Pacific,Australia,NA,NA,NA,NA,NA
"Quonia Socimi, S.A.",4864522,Diversified REIT,Europe,Spain,63619,27842,48.3,35019,0.8
R&R Real Estate Investment Trust,4864438,Hotel REIT,United States and Canada,Canada,115502,81582,1.8,19132,4.26
Rabinov Property Trust,5749407,Diversified REIT,Asia-Pacific,Australia,239200,184000,NA,50245,3.66
RAIT Financial Trust,113624,Diversified REIT,United States and Canada,USA,733764,625916,NA,68506,9.14
Rayonier Inc.,4062541,Specialty REIT,United States and Canada,USA,3728733,1469537,5415.1,1862645,0.79
"Rayonier, L.P.",19949333,Specialty REIT,United States and Canada,USA,NA,NA,NA,NA,NA
RDI REIT P.L.C.,4215588,Diversified REIT,Europe,United Kingdom,1299900,652500,NA,599700,1.09
Real Estate Fund Investment Trust,102915,Retail REIT,United States and Canada,USA,NA,NA,NA,NA,NA
Real Estate Investment Fund-FINI REIT,5764770,Diversified REIT,Europe,Bulgaria,382,0,NA,355,NA
Real Estate Investment Trust of California,103008,Residential REIT,United States and Canada,USA,207673,89717,NA,112250,0.8
Real Estate Investors Plc,4232693,Diversified REIT,Europe,United Kingdom,209899,101354,70.9,97674,1.04
Realty Income Corporation,103118,Retail REIT,United States and Canada,USA,20740285,8938282,27938.6,11017730,0.81
Realty Korea CR REIT Co. Ltd. No.1,5749376,Office REIT,Asia-Pacific,South Korea,NA,NA,NA,NA,NA
Reckson Associates Realty Corporation,103229,Office REIT,United States and Canada,USA,3811206,2024148,NA,1300469,1.56
"Reckson Operating Partnership, LP",4064370,Office REIT,United States and Canada,USA,7009297,607569,NA,6190269,0.1
"RedHill Realty Investors, L.P.",5761416,Residential REIT,United States and Canada,USA,NA,NA,NA,NA,NA
Redwood Group Asia Pte. Ltd.,5827039,Diversified REIT,Asia-Pacific,Singapore,NA,NA,NA,NA,NA
Reed Restaurant Consulting,14083518,Residential REIT,United States and Canada,USA,NA,NA,NA,NA,NA
Regal Real Estate Investment Trust,4218596,Hotel REIT,Asia-Pacific,Hong Kong,22735102,10060522,4723.3,11930860,0.84
Regency Centers Corporation,103091,Retail REIT,United States and Canada,USA,10936904,4143474,11855.1,6058147,0.68
"Regency Centers, LP",4064341,Retail REIT,United States and Canada,USA,10936904,4152765,NA,6058147,0.69
Region Home Buyers LLC,20272294,Residential REIT,United States and Canada,USA,NA,NA,NA,NA,NA
Regional REIT Limited,4639893,Office REIT,Europe,United Kingdom,850610,376606,448.7,420582,0.9
"REIT Americas, Inc.",103601,Healthcare REIT,United States and Canada,USA,NA,265,NA,(734),NM
"REITPlus, Inc.",5762149,Retail REIT,United States and Canada,USA,6880,0,NA,6814,NA
Renewable Resources Group,4413476,Diversified REIT,United States and Canada,USA,NA,NA,NA,NA,NA
Republic Property Trust,4106641,Office REIT,United States and Canada,USA,596468,350134,NA,186813,1.87
Requity Group Llc,24396067,Diversified REIT,United States and Canada,USA,NA,NA,NA,NA,NA
Residential Secure Income plc,6575511,Residential REIT,Europe,United Kingdom,356280,170677,169.3,179612,0.95
"Resource Apartment OP III, LP",4640159,Residential REIT,United States and Canada,USA,NA,NA,NA,NA,NA
"Resource Apartment REIT III, Inc.",4640156,Residential REIT,United States and Canada,USA,211253,143825,NA,63830,2.25
"Resource Income Opportunity REIT, Inc.",4578179,Diversified REIT,United States and Canada,USA,13250,5925,NA,"(1,303)",NM
"Resource Real Estate Opportunity REIT II, Inc.",4340132,Residential REIT,United States and Canada,USA,776435,580126,NA,182215,3.18
"Resource REIT, Inc.",4241862,Residential REIT,United States and Canada,USA,1150158,829176,NA,276620,3
"Retail Credit Property Trust, Inc.",4619207,Retail REIT,United States and Canada,USA,NA,NA,NA,NA,NA
Retail Estates N.V.,4204278,Retail REIT,Europe,Belgium,1763008,894797,916.6,808223,1.11
Retail Opportunity Investments Corp.,4244279,Retail REIT,United States and Canada,USA,2864610,1393993,2213.7,1291159,1.08
"Retail Opportunity Investments Partnership, LP",4383236,Retail REIT,United States and Canada,USA,NA,NA,NA,NA,NA
"Retail Properties of America, Inc.",4087051,Retail REIT,United States and Canada,USA,3637203,1829701,NA,1582130,1.16
Retail Value Inc.,10730423,Retail REIT,United States and Canada,USA,1195876,347087,571.2,599786,0.58
Retirement Residences Real Estate Investment Trust,4105077,Healthcare REIT,United States and Canada,Canada,2868275,1815397,NA,724622,2.51
"Reunion Hospitality Trust, Inc.",4254126,Diversified REIT,United States and Canada,USA,NA,NA,NA,NA,NA
Re-Vive NV,5812519,Residential REIT,Europe,Belgium,8219,2172,NA,3347,NA
"Rexford Industrial Realty, Inc.",4391243,Industrial REIT,United States and Canada,USA,4951174,1222518,9902.7,3530592,0.35
Reysas Gayrimenkul Yatirim Ortakligi A.S.,4864270,Industrial REIT,Europe,Turkey,3488988,1313276,687,2107707,0.62
"RFS Hotel Investors, Inc.",103056,Hotel REIT,United States and Canada,USA,642655,291229,NA,301219,0.97
RFS Partnership LP,4064342,Hotel REIT,United States and Canada,USA,928749,406028,NA,503104,0.81
"RHP Hotel Properties, LP",4413890,Hotel REIT,United States and Canada,USA,NA,NA,NA,NA,NA
Rich Uncles Real Estate Investment Trust I,5869218,Residential REIT,United States and Canada,USA,NA,NA,NA,NA,NA
Richardson Properties,5855170,Diversified REIT,United States and Canada,USA,NA,NA,NA,NA,NA
Ridge Capital Inc.,7095442,Diversified REIT,United States and Canada,USA,NA,NA,NA,NA,NA
RioCan Real Estate Investment Trust,4105107,Retail REIT,United States and Canada,Canada,15267708,6968608,7172,7734973,0.9
"RiverBanc Multifamily Investors, Inc.",4598893,Residential REIT,United States and Canada,USA,48189,0,NA,47358,0
"RL Commercial REIT, Inc.",6390398,Office REIT,Asia-Pacific,Philippines,NA,NA,68150.6,NA,NA
RLJ Lodging Trust,4279712,Hotel REIT,United States and Canada,USA,5617172,2710324,2368.5,2687388,1.01
RNY Property Trust,4686003,Office REIT,Asia-Pacific,Australia,15046,1471,NA,12482,0.12
"ROC Communities, Inc.",103062,Residential REIT,United States and Canada,USA,285202,84643,NA,191634,0.44
Rodamco,4055876,Diversified REIT,United States and Canada,USA,NA,NA,NA,NA,NA
Rodamco Europe N.V.,4143784,Retail REIT,Europe,Netherlands,15893900,NA,NA,7146900,NA
Rodamco Retail Nederland N.V.,4979222,Residential REIT,Europe,Netherlands,539677,75706,NA,449492,0.17
Roi Property Fund REIT,4862866,Diversified REIT,Europe,Bulgaria,65562,33742,45.3,23049,1.46
Rouse Company,108145,Retail REIT,United States and Canada,USA,3674338,2061943,NA,1448264,1.42
"Rouse Properties, Inc.",4298147,Retail REIT,United States and Canada,USA,2517586,1694841,NA,534504,3.17
Royal Host Inc.,4105078,Hotel REIT,United States and Canada,Canada,133335,136061,NA,"(10,462)",NM
Royal Oak Realty Trust (Operating Company) Llc,9803096,Diversified REIT,United States and Canada,USA,NA,NA,NA,NA,NA
Royal Oak Realty Trust Inc.,5847368,Diversified REIT,United States and Canada,USA,NA,NA,NA,NA,NA
RPT Realty,103013,Retail REIT,United States and Canada,USA,1950040,1046445,1086.6,801369,1.31
RREEF America REIT III Corp.,5751795,Diversified REIT,United States and Canada,USA,NA,NA,NA,NA,NA
"RREEF America REIT, Inc.",103628,Diversified REIT,United States and Canada,USA,NA,NA,NA,NA,NA
RREEF China Commercial Trust,4225137,Diversified REIT,Asia-Pacific,Hong Kong,2493,0,NA,"(3,413)",NA
"RREEF Property Operating Partnership, LP",4406108,Diversified REIT,United States and Canada,USA,NA,NA,NA,NA,NA
"RREEF Property Trust, Inc.",4317224,Diversified REIT,United States and Canada,USA,353994,208584,NA,112963,1.85
RRF Limited Partnership,4064335,Hotel REIT,United States and Canada,USA,NA,NA,NA,NA,NA
RTS Communications,13617086,Office REIT,Europe,United Kingdom,NA,NA,NA,NA,NA
Rubicon America Trust,4149731,Office REIT,Asia-Pacific,Australia,921780,1029315,NA,"(142,774)",NM
Rubicon Europe Trust Group,4149734,Office REIT,Asia-Pacific,Australia,784928,1065885,NA,"(358,321)",NM
Rubicon Japan Trust,4204717,Office REIT,Asia-Pacific,Australia,1227829,851221,NA,195748,4.35
"Rubicon U.S. REIT, Inc.",4389518,Diversified REIT,United States and Canada,USA,NA,NA,NA,NA,NA
Rugby Estates Investment Trust Plc,4218583,Diversified REIT,Europe,United Kingdom,73349,22803,NA,46825,0.49
Rural Funds Group,4864441,Specialty REIT,Asia-Pacific,Australia,1041904,346599,1066.1,648544,0.53
Russian Real Estate Investment Company AB,4260850,Diversified REIT,Europe,Sweden,1675436,0,NA,50712,NA
"Ryman Hospitality Properties, Inc.",4060183,Hotel REIT,United States and Canada,USA,3556495,2765577,4567.3,219817,12.58
S Prime Growth Leasehold Real Estate Investment Trust,11239429,Office REIT,Asia-Pacific,Thailand,5771124,1248661,3104.9,4353512,0.29
S8 Property Trust,5750131,Hotel REIT,Asia-Pacific,Australia,114525,59183,NA,54857,1.08
Sabana Shari'ah Compliant Industrial Real Estate Investment Trust,4276237,Industrial REIT,Asia-Pacific,Singapore,930717,362278,463.4,539747,0.67
Sabra Health Care Limited Partnership,4334938,Healthcare REIT,United States and Canada,USA,NA,NA,NA,NA,NA
"Sabra Health Care REIT, Inc.",4259507,Healthcare REIT,United States and Canada,USA,5985603,2372374,3439.3,3409228,0.7
Saf Gayrimenkul Yatirim Ortakligi A.S,4864050,Diversified REIT,Europe,Turkey,2052526,692425,NA,1328865,0.52
Safeguard Realty Trust,103171,Office REIT,United States and Canada,USA,226236,288926,NA,"(73,208)",NM
Safehold Inc.,5429719,Specialty REIT,United States and Canada,USA,3208970,1690458,4281,1381303,1.22
Safestore Holdings Plc,4204718,Self-Storage REIT,Europe,United Kingdom,1701100,531700,2561.1,1035600,0.51
Safestyle UK,11090806,Residential REIT,Europe,United Kingdom,NA,NA,NA,NA,NA
"Saint Croix Holding Immobilier, SOCIMI, S.A.",4864343,Diversified REIT,Europe,Spain,398437,97799,325,291982,0.34
Saizen Real Estate Investment Trust,4216654,Residential REIT,Asia-Pacific,Singapore,2464,0,NA,2423,0
Sakura Sogo REIT Investment Corporation,4980327,Diversified REIT,Asia-Pacific,Japan,63212,29200,NA,30083,0.97
Sala @ Sathorn Property Fund,4864220,Office REIT,Asia-Pacific,Thailand,1928909,0,1294.3,1895186,NA
Samty Residential Investment Corporation,4864487,Diversified REIT,Asia-Pacific,Japan,124927,63435,91.3,59918,1.06
Samui Airport Property Fund (Leasehold),4864028,Specialty REIT,Asia-Pacific,Thailand,11205916,0,16910,11139779,NA
Samui Buri Property Fund,5731457,Hotel REIT,Asia-Pacific,Thailand,391462,0,193.8,376226,NA
San Bruno-Oxford Limited Partnership,7605084,Residential REIT,United States and Canada,USA,NA,NA,NA,NA,NA
Sandalwood Lodging Investment Corporation,4076223,Specialty REIT,United States and Canada,USA,NA,NA,NA,NA,NA
Sankei Real Estate Inc.,14000652,Office REIT,Asia-Pacific,Japan,79848,37800,56.3,37555,1.01
Santa Anita Realty Enterprises Inc.,7784987,Diversified REIT,United States and Canada,USA,61753,26964,NA,30393,0.89
"Santa Anita Realty Enterprises, Inc.",103015,Diversified REIT,United States and Canada,USA,93481,25824,NA,37557,0.69
SAS HR Developpement,8240138,Hotel REIT,Europe,France,NA,NA,NA,NA,NA
Sasseur Real Estate Investment Trust,10054055,Retail REIT,Asia-Pacific,Singapore,1858208,504254,1036.4,1105414,0.46
"Saul Centers, Inc.",103068,Retail REIT,United States and Canada,USA,1645572,1151814,1104.6,427533,2.69
SBA Communications Corporation (REIT),4829067,Specialty REIT,United States and Canada,USA,9158018,13426196,37863.9,"(4,824,382)",NM
Scentre Finance (NZ) Limited,7464483,Retail REIT,Asia-Pacific,New Zealand,NA,NA,NA,NA,NA
Scentre Group,4547454,Retail REIT,Asia-Pacific,Australia,38064100,16179800,16122.8,18994400,0.85
SCG1 Finance (NZ) Limited,7464482,Retail REIT,Asia-Pacific,New Zealand,NA,NA,NA,NA,NA
"Schottenstein Realty Trust, Inc.",4277538,Retail REIT,United States and Canada,USA,799295,603991,NA,139832,4.32
Schroder European Real Estate Investment Trust Plc,4864508,Diversified REIT,Europe,United Kingdom,278858,68372,139.4,201826,0.34
Schroder Real Estate Investment Trust Limited,4143610,Diversified REIT,Europe,United Kingdom,460099,155358,248,296844,0.52
Seashore Investment Company,4056691,Residential REIT,United States and Canada,USA,NA,NA,NA,NA,NA
Secure Income REIT Plc,4543439,Diversified REIT,Europe,United Kingdom,2218314,950242,1322.1,1221541,0.78
Security Capital Atlantic Incorporated,106950,Residential REIT,United States and Canada,USA,1441411,485268,NA,890981,0.54
SEGRO Plc,4143573,Industrial REIT,Europe,United Kingdom,12666500,2497400,15490.9,9671100,0.26
"Sekisui House Reit, Inc.",4864471,Diversified REIT,Asia-Pacific,Japan,556569,253115,392.4,286220,0.88
Sekisui House Residential Investment Corporation,4214963,Diversified REIT,Asia-Pacific,Japan,210348,105533,NA,101690,1.04
Select Income REIT,4308950,Office REIT,United States and Canada,USA,5303030,3087080,NA,1991819,1.55
Selectirente,4862508,Retail REIT,Europe,France,456142,150547,383.5,300736,0.5
"Selectis Health, Inc.",4328521,Healthcare REIT,United States and Canada,USA,45932,39251,1.2,3216,12.2
Senior Care Real Estate Investment Trust,4135567,Healthcare REIT,United States and Canada,Canada,645624,349169,NA,277867,NA
Senior Care REIT,5752859,Self-Storage REIT,United States and Canada,Canada,NA,NA,NA,NA,NA
"Sentio Healthcare Properties, Inc.",4150052,Healthcare REIT,United States and Canada,USA,574263,366097,NA,185730,1.97
Sentral REIT,4864034,Office REIT,Asia-Pacific,Malaysia,2227662,844977,964.6,1323502,0.64
Serdika Properties REIT,7092623,Diversified REIT,Europe,Bulgaria,9490,18,16.9,9163,0
Seritage Growth Properties,4584761,Retail REIT,United States and Canada,USA,2648943,1627533,663.2,882727,1.84
"Serrano 61 Desarrollo SOCIMI, S.A.",9885432,Diversified REIT,Europe,Spain,90365,37250,106.7,52043,0.72
Servet Gayrimenkul Yatirim Ortakligi AS,4319170,Diversified REIT,Europe,Turkey,2633370,363505,3554.8,1687429,0.22
Service Properties Trust,103544,Hotel REIT,United States and Canada,USA,8687319,6293514,1818.4,2102790,2.99
SF Real Estate Investment Trust,28825695,Industrial REIT,Asia-Pacific,Hong Kong,6162810,2933664,2984,2213110,1.33
SGDL technology SA,14902826,Specialty REIT,Europe,Switzerland,NA,NA,NA,NA,NA
Shaftesbury PLC,4143565,Retail REIT,Europe,United Kingdom,3351300,1051000,2370.9,2280600,0.46
Shanghai Cloud Factory Investment Holdings,11195565,Diversified REIT,Asia-Pacific,China,NA,NA,NA,NA,NA
"Shanghai Zhongyi Zhijiao Equity Investment Fund Management Co., Ltd. (Unspecifie",13446323,Diversified REIT,Asia-Pacific,China,NA,NA,NA,NA,NA
Shapoorji Pallonji Construction Limited,8533020,Residential REIT,Asia-Pacific,India,NA,NA,NA,NA,NA
Sharpline Equity,27676383,Residential REIT,United States and Canada,USA,NA,NA,NA,NA,NA
"Shelbourne Properties I, Inc.",4054340,Office REIT,United States and Canada,USA,14646,0,NA,6333,0
"Shelbourne Properties II, Inc.",4054341,Diversified REIT,United States and Canada,USA,27088,6720,NA,12151,0.55
"Shelbourne Properties III, Inc.",4054342,Diversified REIT,United States and Canada,USA,19169,0,NA,5384,0
"Shenzhen Qianhai Hongtai Equity Investment Fund Management Co., Ltd",11194817,Diversified REIT,Asia-Pacific,China,NA,NA,NA,NA,NA
"Shenzhen Qucheng Investment Holding Co., Ltd",9984706,Healthcare REIT,Asia-Pacific,China,NA,NA,NA,NA,NA
Shin Kong No. 1 REIT,4862607,Diversified REIT,Asia-Pacific,Taiwan,25278425,4500525,22204.5,19925313,0.23
"Shinhan Alpha REIT Co., Ltd.",10069359,Office REIT,Asia-Pacific,South Korea,1533436,1096628,421.8,353506,3.1
"Shopoff Properties Trust, Inc.",4151894,Diversified REIT,United States and Canada,USA,27,NA,NA,7,NA
ShopOne Centers REIT Inc.,8648318,Retail REIT,United States and Canada,USA,NA,NA,NA,NA,NA
Shopping Centres Australasia Property Group,4342198,Retail REIT,Asia-Pacific,Australia,4208900,1339200,3152.9,2724800,0.49
"Shurgard Storage Centers, Inc.",103159,Specialty REIT,United States and Canada,USA,2957372,1859220,NA,800352,2.32
Signature Office REIT Inc.,4290328,Diversified REIT,United States and Canada,USA,639592,271000,NA,353262,0.77
SIIC de Paris,4279340,Diversified REIT,Europe,France,1268440,504053,NA,723679,0.7
SIIC de Paris 8ème,4279342,Office REIT,Europe,France,82205,19485,NA,59067,0.33
"Sila Realty Operating Partnership, LP",4592072,Healthcare REIT,United States and Canada,USA,NA,NA,NA,NA,NA
"Sila Realty Trust, Inc.",4415522,Healthcare REIT,United States and Canada,USA,3205289,1418610,1357.1,1653873,0.86
Silic SA,4143725,Office REIT,Europe,France,2173329,1435933,NA,431493,3.33
"Silicius Real Estate Socimi, S.A.",29146435,Diversified REIT,Europe,Spain,NA,NA,NA,NA,NA
Silver Bay Operating Partnership L.P.,4344909,Residential REIT,United States and Canada,USA,NA,NA,NA,NA,NA
Silver Bay Realty Trust Corp.,4335231,Residential REIT,United States and Canada,USA,1218561,649581,NA,534881,1.21
"Silver Lining Properties, LLC",5862445,Residential REIT,United States and Canada,USA,NA,NA,NA,NA,NA
Similan Group,29524244,Diversified REIT,Asia-Pacific,Macau,NA,NA,NA,NA,NA
"Simon Property Group, Inc.",103117,Retail REIT,United States and Canada,USA,34786846,27238853,47696.9,3472346,7.84
Simone Development Companies,5758385,Diversified REIT,United States and Canada,USA,NA,NA,NA,NA,NA
Sinpas Gayrimenkul Yatirim Ortakligi A.S.,4261041,Residential REIT,Europe,Turkey,5806556,4087108,3089.1,712407,5.74
SITE Centers Corp.,103044,Retail REIT,United States and Canada,USA,4108284,1973302,3484.1,1944823,1.01
"Sizeler Property Investors, Inc.",103018,Diversified REIT,United States and Canada,USA,302207,109892,NA,186333,0.59
"SK Reits Co., Ltd.",29166812,Office REIT,Asia-Pacific,South Korea,NA,NA,990.6,NA,NA
"SKB REIT, Inc.",4093846,Diversified REIT,United States and Canada,USA,NA,NA,NA,NA,NA
Skyline Commercial REIT,5828032,Diversified REIT,United States and Canada,Canada,NA,NA,NA,NA,NA
SL Green Realty Corp.,113065,Office REIT,United States and Canada,USA,11707567,5420707,4853.1,4935795,1.1
Slate Grocery REIT,4534845,Retail REIT,United States and Canada,Canada,1323554,735939,625.5,452718,1.63
Slate Office REIT,4342791,Office REIT,United States and Canada,Canada,1679207,994484,350.3,604743,1.64
Slate Retail Real Estate Investment Trust,5881128,Retail REIT,United States and Canada,Canada,NA,NA,NA,NA,NA
SLS Realty REIT,4862817,Diversified REIT,Europe,Bulgaria,161,0,10.4,160,NA
SmartCentres Real Estate Investment Trust,4105055,Retail REIT,United States and Canada,Canada,10724492,5271953,4543.9,5166975,1.02
"SmartStop Self Storage REIT, Inc.",4408976,Self-Storage REIT,United States and Canada,USA,1282221,717952,896.1,243240,2.95
"SmartStop Self Storage, Inc.",4186263,Self-Storage REIT,United States and Canada,USA,745423,421314,NA,304181,1.39
Sminex Ltd.,5767101,Diversified REIT,Europe,Russia,NA,NA,NA,NA,NA
Snf Central Sub-Reit,9898412,Specialty REIT,United States and Canada,USA,NA,NA,NA,NA,NA
SNF East Sub-REIT,9898413,Specialty REIT,United States and Canada,USA,NA,NA,NA,NA,NA
Snf West Sub-Reit,9898414,Specialty REIT,United States and Canada,USA,NA,NA,NA,NA,NA
SNH Capital Trust I,7383273,Healthcare REIT,United States and Canada,USA,NA,NA,NA,NA,NA
SNH Capital Trust II,7385970,Healthcare REIT,United States and Canada,USA,NA,NA,NA,NA,NA
SNH Capital Trust III,7499720,Healthcare REIT,United States and Canada,USA,NA,NA,NA,NA,NA
SNH IL Properties Trust,5822114,Healthcare REIT,United States and Canada,USA,NA,NA,NA,NA,NA
Societe Anonyme des Docks Lyonnais SA,6618232,Diversified REIT,Europe,France,771,690,NA,(76),NA
Société Centrale des Bois et des Scieries de la Manche S.A.,4862444,Diversified REIT,Europe,France,383243,185993,113.2,183565,1.01
Société de la Tour Eiffel,4143724,Office REIT,Europe,France,1828900,914900,494.2,794300,1.15
Societe des Immeubles de France SA,5742817,Office REIT,Europe,France,1507672,102913,NA,1395425,NA
Société Foncière Lyonnaise,4204288,Office REIT,Europe,France,7490793,1957497,3334.7,5196968,0.38
Sofidy SA,5750824,Diversified REIT,Europe,France,124712,8,NA,87573,NA
Soilbuild Business Space REIT,4402170,Industrial REIT,Asia-Pacific,Singapore,1345373,541698,NA,761461,0.71
Solucom SARL,8736198,Healthcare REIT,Europe,France,611,122,NA,487,NA
Somerset Estates REIT plc,9517676,Residential REIT,Europe,United Kingdom,10170,4129,NA,5966,NA
Sopharma Properties REIT,4864004,Diversified REIT,Europe,Bulgaria,86871,10752,118.5,65355,0.17
Sophia GE,5742815,Diversified REIT,Europe,France,281203,1,NA,280614,NA
"SOSiLA Logistics REIT, Inc.",19431530,Industrial REIT,Asia-Pacific,Japan,107465,40700,86.9,63402,0.64
Sotherly Hotels Inc.,4095174,Hotel REIT,United States and Canada,USA,473034,386959,36.1,44201,8.75
"South West Property Trust, Inc.",103063,Residential REIT,United States and Canada,USA,378165,178042,NA,183472,0.97
Southeastern Trust Company,9393529,Diversified REIT,United States and Canada,USA,NA,NA,NA,NA,NA
Sovereign Real Estate Investment Trust,4073738,Specialty REIT,United States and Canada,USA,NA,NA,NA,NA,NA
Spazio Investment NV,4188456,Industrial REIT,Europe,Netherlands,59025,NA,NA,56308,NA
Sperry Equities,5874351,Diversified REIT,United States and Canada,USA,NA,NA,NA,NA,NA
SPG Properties Inc.,7593389,Retail REIT,United States and Canada,USA,NA,NA,NA,NA,NA
SPH REIT,4401085,Retail REIT,Asia-Pacific,Singapore,4246565,1293054,2729.5,2847868,0.45
"Spieker Properties, Inc.",103097,Diversified REIT,United States and Canada,USA,4528288,2054857,NA,1940057,1.06
"Spieker Properties, LP",4064372,Diversified REIT,United States and Canada,USA,4528288,2061732,NA,2224205,0.93
Spirit MTA REIT,9211410,Retail REIT,United States and Canada,USA,59899,0,NA,44075,0
"Spirit MTA REIT, L.P.",10301723,Retail REIT,United States and Canada,USA,NA,NA,NA,NA,NA
Spirit Realty Capital,4093270,Diversified REIT,United States and Canada,USA,2856590,1799374,NA,994025,1.81
"Spirit Realty Capital, Inc.",4335136,Retail REIT,United States and Canada,USA,6396786,2512638,5799.2,3601120,0.7
"Spirit Realty, L.P.",4383566,Retail REIT,United States and Canada,USA,NA,NA,NA,NA,NA
Spring Real Estate Investment Trust,4420455,Office REIT,Asia-Pacific,Hong Kong,9712865,3035736,4098.4,6432897,0.47
Spring Real Estate Investment Trust,4422077,Office REIT,Asia-Pacific,Hong Kong,1495085,531300,NA,925120,0.57
Sri panwa Hospitality Real Estate Investment Trust,4864421,Diversified REIT,Asia-Pacific,Thailand,4355433,979182,2093,3366756,0.29
"SS Growth Operating Partnership, L.P.",4589263,Self-Storage REIT,United States and Canada,USA,NA,NA,NA,NA,NA
St. Global Services,6968831,Specialty REIT,United States and Canada,USA,NA,NA,NA,NA,NA
"STAG Industrial, Inc.",4263385,Industrial REIT,United States and Canada,USA,4692646,1731188,7118.4,2771052,0.62
Standard Life Investments Property Income Trust Limited,4143592,Diversified REIT,Europe,United Kingdom,459639,110445,291.3,331506,0.33
Star Asia Investment Corporation,4715271,Diversified REIT,Asia-Pacific,Japan,179171,82440,104.5,89179,0.92
Star Asia Investment Corporation,5875827,Diversified REIT,Asia-Pacific,Japan,NA,NA,NA,NA,NA
Starhill Global Real Estate Investment Trust,4188457,Retail REIT,Asia-Pacific,Singapore,3079587,1106151,1436,1890097,0.59
Starlight U.S. Multi-Family Core Reit Inc.,5843012,Residential REIT,United States and Canada,USA,NA,NA,NA,NA,NA
Starts Proceed Investment Corporation,4431730,Residential REIT,Asia-Pacific,Japan,90191,45646,62.5,43366,1.05
Starwood Hotels & Resorts,4060720,Hotel REIT,United States and Canada,USA,6933000,439000,NA,5961000,NA
"Starwood Real Estate Income Trust, Inc.",8930021,Diversified REIT,United States and Canada,USA,5330816,3393406,NA,1606416,2.11
Starwood Waypoint Residential Trust,4979221,Residential REIT,United States and Canada,USA,3007679,1915546,NA,1010877,1.9
"Steadfast Apartment REIT III, Inc.",4642184,Residential REIT,United States and Canada,USA,392093,281948,NA,95692,2.95
"Steadfast Apartment REIT, Inc.",4409453,Residential REIT,United States and Canada,USA,3301739,2131364,1883.8,1081625,1.97
"Steadfast Income REIT, Inc.",4237940,Residential REIT,United States and Canada,USA,845369,504097,NA,312071,1.62
Stenprop Limited,10752078,Diversified REIT,Europe,United Kingdom,813842,350510,NA,428562,0.82
Stenprop Limited,4686021,Diversified REIT,Europe,United Kingdom,641124,195369,10759.1,425820,0.46
Stepp Commercial,26404302,Residential REIT,United States and Canada,USA,NA,NA,NA,NA,NA
Sterling Real Estate Trust,4307538,Diversified REIT,United States and Canada,USA,743029,421278,NA,291528,1.45
STILL Real Estate Llc,13570873,Retail REIT,United States and Canada,USA,NA,NA,NA,NA,NA
Stockland,4143481,Diversified REIT,Asia-Pacific,Australia,19305000,4795000,11370,9584000,0.5
"Stonemar Properties, LLC",5781939,Diversified REIT,United States and Canada,USA,NA,NA,NA,NA,NA
"StoneRiver Company, LLC",7642191,Diversified REIT,United States and Canada,USA,NA,NA,NA,NA,NA
"Storage Express, Llc",8592132,Office REIT,United States and Canada,USA,NA,NA,NA,NA,NA
"Storage Properties, Inc.",102994,Industrial REIT,United States and Canada,USA,28308,0,NA,27002,0
"Storage Trust Properties, L.P.",8407346,Specialty REIT,United States and Canada,USA,NA,NA,NA,NA,NA
Storage Trust Realty,103223,Specialty REIT,United States and Canada,USA,513487,190750,NA,275368,0.69
"Storage USA, Inc.",103156,Self-Storage REIT,United States and Canada,USA,1756334,854174,NA,674493,1.27
STORE Capital Corporation,4553160,Diversified REIT,United States and Canada,USA,9004340,3761563,9268.8,5015778,0.75
"Store It REIT, Inc.",5750413,Diversified REIT,United States and Canada,USA,NA,NA,NA,NA,NA
"Strata Equity Group, Inc.",5831148,Diversified REIT,United States and Canada,USA,NA,NA,NA,NA,NA
Strategic Hospitality Extendable Freehold and Leasehold REIT,9713353,Hotel REIT,Asia-Pacific,Thailand,4033830,1648026,917.4,2304608,0.72
"Strategic Hotels & Resorts, Inc.",4091526,Hotel REIT,United States and Canada,USA,3619157,1796162,NA,1541749,1.17
Strategic Performance Fund II,4055878,Diversified REIT,United States and Canada,USA,NA,NA,NA,NA,NA
"Strategic Realty Capital, LLC",5804102,Diversified REIT,United States and Canada,USA,NA,NA,NA,NA,NA
"Strategic Realty Operating Partnership, L.P.",4381983,Retail REIT,United States and Canada,USA,NA,NA,NA,NA,NA
"Strategic Realty Trust, Inc.",4220541,Retail REIT,United States and Canada,USA,79060,38339,15,39655,0.97
"Strategic Storage Growth Trust, Inc.",4428603,Self-Storage REIT,United States and Canada,USA,239930,5595,NA,220615,0.03
"Strategic Storage Trust IV, Inc.",4770281,Self-Storage REIT,United States and Canada,USA,288470,109106,NA,164019,0.67
"Strategic Timber Trust, Inc.",4046328,Specialty REIT,United States and Canada,USA,NA,NA,NA,NA,NA
Strawberry Fields REIT Ltd.,5861916,Self-Storage REIT,United States and Canada,USA,796434,487299,NA,287761,1.69
Stride Property Group,6630489,Diversified REIT,Asia-Pacific,New Zealand,1383618,332631,1088.4,1017786,0.33
Sub Sri Thai Property Fund,5732224,Diversified REIT,Asia-Pacific,Thailand,678970,0,NA,676622,NA
"Summit Healthcare Operating Partnership, L.P.",4375801,Healthcare REIT,United States and Canada,USA,NA,NA,NA,NA,NA
"Summit Healthcare REIT, Inc.",4097214,Healthcare REIT,United States and Canada,USA,80565,45413,NA,32097,1.41
"Summit Hotel OP, LP",4383245,Hotel REIT,United States and Canada,USA,NA,NA,NA,NA,NA
"Summit Hotel Properties, Inc.",4264301,Hotel REIT,United States and Canada,USA,2233019,1113183,1075.1,1052063,1.06
Summit Industrial Income REIT,4339972,Industrial REIT,United States and Canada,Canada,3172213,1186572,4147.5,1899250,0.62
Summit Properties Inc.,103143,Residential REIT,United States and Canada,USA,1350264,726152,NA,462523,1.57
Summit Real Estate Investment Trust,4094175,Industrial REIT,United States and Canada,Canada,1999582,1064067,NA,855889,1.24
Sun Communities Operating Limited Partnership,4064474,Residential REIT,United States and Canada,USA,1221574,773328,NA,423413,1.83
"Sun Communities, Inc.",103122,Residential REIT,United States and Canada,USA,11206586,4811374,23448.4,5627328,0.86
Sun Fat Investment and Industry Company Limited,7324754,Industrial REIT,Asia-Pacific,Macau,NA,NA,NA,NA,NA
Sun Residential Real Estate Investment Trust,14920126,Residential REIT,United States and Canada,Canada,56593,31440,14.2,24915,1.26
Sungei Wang Plaza Real Estate Investment Trust,5752609,Diversified REIT,Asia-Pacific,Malaysia,NA,NA,NA,NA,NA
Sunlight Real Estate Investment Trust,4218592,Diversified REIT,Asia-Pacific,Hong Kong,19199746,4400790,7675.1,14124253,0.31
Sunrise Senior Living Real Estate Investment Trust,4097277,Healthcare REIT,United States and Canada,Canada,1738294,1212535,NA,443272,2.74
"Sunstone Hotel Investors, Inc.",4093959,Hotel REIT,United States and Canada,USA,2985717,795341,2676.7,2089379,0.38
"Sunstone Hotel Partnership, LLC",4383567,Hotel REIT,United States and Canada,USA,NA,NA,NA,NA,NA
"Sunstone Properties Trust, LLC",12984512,Office REIT,United States and Canada,USA,NA,NA,NA,NA,NA
Suntec (PM) Pte. Ltd.,29241699,Specialty REIT,Asia-Pacific,Singapore,NA,NA,NA,NA,NA
Suntec Real Estate Investment Trust,4143527,Diversified REIT,Asia-Pacific,Singapore,11234073,4826461,4279.5,6113170,0.79
Sunway Real Estate Investment Trust,4864261,Retail REIT,Asia-Pacific,Malaysia,9191378,3394095,5000.2,5472818,0.62
Supalai Real Estate Investment Trust,26168829,Office REIT,Asia-Pacific,Thailand,60511440,12703850,NA,37849120,0.34
Super Borovets Property Fund REIT,4862676,Diversified REIT,Europe,Bulgaria,90360,43385,63.6,45127,0.96
Supermarket Income REIT plc,6613568,Retail REIT,Europe,United Kingdom,1302634,409684,1177,871310,0.47
"SUSA Partnership, LP",4064374,Self-Storage REIT,United States and Canada,USA,NA,NA,NA,NA,NA
Swan Global Holdings Group,14150343,Residential REIT,Asia-Pacific,Japan,NA,NA,NA,NA,NA
"Swerdlow Real Estate Group, Inc.",5747313,Diversified REIT,United States and Canada,USA,NA,NA,NA,NA,NA
"Synergy Capital Partners, LLC",22106711,Diversified REIT,United States and Canada,USA,NA,NA,NA,NA,NA
"T REIT, Inc.",4047533,Diversified REIT,United States and Canada,USA,8996,0,NA,8967,0
"T. Rowe Price Renaissance Fund, Ltd.",103523,Diversified REIT,United States and Canada,USA,NA,NA,NA,NA,NA
TAI GmbH,8385352,Retail REIT,Europe,Germany,103,NA,NA,98,NA
Takara Leben Real Estate Investment Corporation,10810764,Diversified REIT,Asia-Pacific,Japan,94380,43400,62.8,46645,0.93
Talaad Thai Leasehold Property Fund,4864290,Retail REIT,Asia-Pacific,Thailand,2284865,0,4140,2111424,NA
Tamar European Industrial Fund Limited,4210677,Industrial REIT,Europe,United Kingdom,166952,74708,NA,73410,1.02
"Tander Inversiones SOCIMI, S.A.",9747580,Retail REIT,Europe,Spain,139946,80655,93.6,58444,1.38
"Tanger Factory Outlet Centers, Inc.",103061,Retail REIT,United States and Canada,USA,2189531,1657991,1820.3,358883,4.62
Tanger Properties Limited Partnership,4064393,Retail REIT,United States and Canada,USA,2188967,1661349,NA,358883,4.63
Target Healthcare REIT plc,4439721,Healthcare REIT,Europe,United Kingdom,718394,127904,733.1,565185,0.23
"Tarjar Xairo SOCIMI, S.A.",6964192,Diversified REIT,Europe,Spain,9033,3077,11.5,5472,0.56
"Taubman Centers, Inc.",103022,Retail REIT,United States and Canada,USA,4515465,3951104,NA,"(177,406)",NM
Taubman Realty Group L.P.,103572,Retail REIT,United States and Canada,USA,1396826,1284327,NA,"(135,720)",NM
TCW Realty Growth Fund VIII,103591,Diversified REIT,United States and Canada,USA,NA,NA,NA,NA,NA
TE Capital Partners,21541961,Diversified REIT,Asia-Pacific,Singapore,NA,NA,NA,NA,NA
"Témpore Properties SOCIMI, S.A.",10097729,Residential REIT,Europe,Spain,326129,193738,160.6,127746,1.52
TERREÏS,4422730,Diversified REIT,Europe,France,1078310,712725,NA,267735,2.66
Terreno Realty Corporation,4245663,Industrial REIT,United States and Canada,USA,2139820,459518,4977.3,1588184,0.29
"Tesfran, S.A.",5758662,Office REIT,Europe,France,396328,225805,NA,162506,NA
"Testa Residencial SOCIMI, S.A.",6465330,Residential REIT,Europe,Spain,2945641,1844099,NA,969727,1.9
TGS North American Real Estate Investment Trust,4105176,Diversified REIT,United States and Canada,Canada,318394,141937,NA,158742,0.89
Thai Commercial Investment Freehold and Leasehold Fund,5731226,Office REIT,Asia-Pacific,Thailand,28936989,0,NA,28070402,NA
Thailand Hospitality Property Fund,5736397,Hotel REIT,Asia-Pacific,Thailand,1830881,0,1341.6,1782507,NA
Thailand Prime Property Freehold and Leasehold Real Estate Investment Trust,4980333,Office REIT,Asia-Pacific,Thailand,9478018,2196915,4982.3,6838929,0.32
Thakral Holdings Group,4216669,Diversified REIT,Asia-Pacific,Australia,1063957,460484,NA,555009,0.83
The Bates Company,27686102,Diversified REIT,United States and Canada,USA,NA,NA,NA,NA,NA
The Bulfinch Companies Inc,7744584,Diversified REIT,United States and Canada,USA,NA,NA,NA,NA,NA
The Link Management Limited,10640070,Retail REIT,Asia-Pacific,Hong Kong,NA,NA,NA,NA,NA
The Peabody Group,5749129,Diversified REIT,United States and Canada,USA,NA,NA,NA,NA,NA
The Promanas Group,5844629,Diversified REIT,United States and Canada,USA,NA,NA,NA,NA,NA
The Property Hub Reit PLC,27723410,Specialty REIT,Europe,United Kingdom,NA,NA,NA,NA,NA
The Resmark Companies,5813553,Residential REIT,United States and Canada,USA,NA,NA,NA,NA,NA
The Sanders Trust LLC,5795206,Healthcare REIT,United States and Canada,USA,NA,NA,NA,NA,NA
The UK Residential REIT PLC,28948972,Residential REIT,Europe,United Kingdom,NA,NA,NA,NA,NA
"Thompson Investing, LLC",24792808,Diversified REIT,United States and Canada,USA,NA,NA,NA,NA,NA
Thousand Zero Online Services & E-Commerce LLP,13753819,Specialty REIT,Asia-Pacific,India,NA,NA,NA,NA,NA
Ticon Freehold and Leasehold Real Estate Investment Trust,4863312,Industrial REIT,Asia-Pacific,Thailand,42869769,11494420,38598.7,29974649,0.38
Ticon Industrial Growth Leasehold Property Fund,4545965,Industrial REIT,Asia-Pacific,Thailand,NA,NA,NA,NA,NA
TICON Property Fund,4862545,Industrial REIT,Asia-Pacific,Thailand,13530452,0,NA,13149871,NA
Tictok Skill Games Pvt Ltd,14472329,Specialty REIT,Asia-Pacific,India,NA,NA,NA,NA,NA
Tier Operating Partnership LP,4383551,Office REIT,United States and Canada,USA,NA,NA,NA,NA,NA
"TIER REIT, Inc.",4077658,Office REIT,United States and Canada,USA,1617551,714755,NA,777481,0.92
Timberland Growth Corporation,4008401,Specialty REIT,United States and Canada,USA,NA,NA,NA,NA,NA
TIS Mortgage Investment Co.,103024,Diversified REIT,United States and Canada,USA,2370,1160,NA,676,1.72
Tishman Speyer Office Fund,4143489,Office REIT,Asia-Pacific,Australia,1065095,628932,NA,265282,2.37
Titus Capital Corporation,5743204,Diversified REIT,United States and Canada,USA,NA,NA,NA,NA,NA
"Tokaido REIT, Inc.",28943786,Diversified REIT,Asia-Pacific,Japan,NA,NA,NA,NA,NA
"Tokenomix, LLC",14710535,Specialty REIT,United States and Canada,USA,NA,NA,NA,NA,NA
"Tokyu REIT, Inc.",4143343,Diversified REIT,Asia-Pacific,Japan,231090,101600,182,115663,0.88
"Top REIT, Inc.",4214014,Diversified REIT,Asia-Pacific,Japan,183919,90185,NA,87671,1.03
"Torbel Investments 2015 SOCIMI, S.A.",10855315,Residential REIT,Europe,Spain,165634,124696,NA,31607,3.95
Torunlar Gayrimenkul Yatırım Ortaklığı A.Ş.,4381765,Diversified REIT,Europe,Turkey,13714787,4627328,3727.8,8769917,0.53
Tosei Reit Investment Corporation,4863301,Diversified REIT,Asia-Pacific,Japan,80252,38500,46.6,37913,1.02
"Tosei Revival Investment Co., Ltd.",5835333,Diversified REIT,Asia-Pacific,Japan,NA,NA,NA,NA,NA
Tourin Properties REIT,5776513,Diversified REIT,Europe,Bulgaria,951,0,1,931,NA
Tourism & Leisure Trust,5745935,Hotel REIT,Asia-Pacific,Australia,29166,6996,NA,21086,0.33
Tower Real Estate Investment Trust,4863987,Office REIT,Asia-Pacific,Malaysia,827132,268956,161.3,522107,0.52
"Tower Realty Trust, Inc.",113560,Office REIT,United States and Canada,USA,719747,260293,NA,385982,0.67
Town and Country Trust,103051,Residential REIT,United States and Canada,USA,622286,571685,NA,25174,22.71
Town Centre Securities Plc,4143602,Diversified REIT,Europe,United Kingdom,395435,226857,66.2,155478,1.46
"Township Capital, Inc.",9148260,Diversified REIT,United States and Canada,USA,NA,NA,NA,NA,NA
TPARK Logistics Property Fund,4864239,Industrial REIT,Asia-Pacific,Thailand,4956690,0,NA,4845510,NA
"Trade Street Operating Partnership, LP",4412701,Residential REIT,United States and Canada,USA,NA,NA,NA,NA,NA
"Trade Street Residential, Inc.",4094472,Residential REIT,United States and Canada,USA,568668,344756,NA,210002,1.64
"Trajano Iberia Socimi, S.A.",4863342,Diversified REIT,Europe,Spain,239042,130190,97.7,102291,1.27
Transakta,7434743,Retail REIT,Europe,Czechia,NA,NA,NA,NA,NA
TransGlobe Apartment REIT,4255961,Residential REIT,United States and Canada,Canada,2108252,1436707,NA,629511,2.28
Trastor Real Estate Investment Company SA,4729915,Diversified REIT,Europe,Greece,321735,156048,131.1,159145,0.98
Trend Gayrimenkul Yatirim Ortakligi A.S.,10088392,Residential REIT,Europe,Turkey,69362,9975,189,50694,0.2
"TreyNet Realty Capital REIT, Inc.",8720504,Industrial REIT,United States and Canada,USA,NA,NA,NA,NA,NA
Tricera Capital LLC,8739275,Diversified REIT,United States and Canada,USA,NA,NA,NA,NA,NA
Trident REIT,5758360,Diversified REIT,Asia-Pacific,Taiwan,NA,NA,NA,NA,NA
Trilogy HealthCare REIT,5825217,Healthcare REIT,Asia-Pacific,Australia,NA,NA,NA,NA,NA
"TriNet Corporate Realty Trust, Inc.",103055,Diversified REIT,United States and Canada,USA,837797,415084,NA,389256,1.07
"Trinity Capital Advisors, Inc.",5744652,Diversified REIT,United States and Canada,USA,NA,NA,NA,NA,NA
Trinity Freehold and Leasehold Property Fund,5731915,Diversified REIT,Asia-Pacific,Thailand,874251,0,292.9,873353,NA
Triple Point Social Housing REIT Plc,6951096,Residential REIT,Europe,United Kingdom,630064,196383,398.8,428651,0.46
Tritax Big Box REIT Plc,4422681,Industrial REIT,Europe,United Kingdom,4406500,1343100,4135.3,2921300,0.46
Trizec Holdings Operating LLC,8244782,Office REIT,United States and Canada,USA,NA,NA,NA,NA,NA
"Trizec Properties, Inc.",4072928,Office REIT,United States and Canada,USA,4710250,2210273,NA,2117085,1.04
TrizecHahn Corporation,4045443,Office REIT,United States and Canada,Canada,7254100,4636200,NA,1618200,2.87
True North Apartment Real Estate Investment Trust,4331165,Residential REIT,United States and Canada,Canada,837782,630970,NA,186325,3.39
True North Commercial Limited Partnership,4670720,Office REIT,United States and Canada,Canada,NA,NA,NA,NA,NA
True North Commercial Real Estate Investment Trust,4336700,Office REIT,United States and Canada,Canada,1404882,836822,660.2,525212,1.59
True North Partners Llp,10612504,Retail REIT,Europe,United Kingdom,3416,561,NA,1983,NA
TRUS Y7 REIT Co. Ltd.,4864320,Office REIT,Asia-Pacific,South Korea,NA,NA,NA,NA,NA
Trust Union,10526688,Hotel REIT,Europe,Italy,NA,NA,NA,NA,NA
"Trustreet Properties, Inc.",103181,Hotel REIT,United States and Canada,USA,2721165,1586183,NA,1061749,1.49
TSKB Gayrimenkul Yatirim Ortakligi A.S,4328681,Diversified REIT,Europe,Turkey,603050,135565,1982.5,464639,0.29
Tucker Properties Corporation,103074,Retail REIT,United States and Canada,USA,322160,164413,NA,135183,1.22
Tuna Gayrimenkul Yatirim Ortakligi A.S.,7677219,Hotel REIT,Europe,Turkey,NA,NA,NA,NA,NA
"TX Casa View 2018, Ltd",19304021,Residential REIT,United States and Canada,USA,NA,NA,NA,NA,NA
U.S. Restaurant Properties,10621332,Specialty REIT,United States and Canada,USA,NA,NA,NA,NA,NA
"U.S. Restaurant Properties, Inc.",108239,Diversified REIT,United States and Canada,USA,527823,312725,NA,192025,1.63
"UDR, Inc.",103025,Residential REIT,United States and Canada,USA,9637533,5172140,16323.6,3258591,1.59
UK Balanced Property Trust Limited,4143643,Diversified REIT,Europe,United Kingdom,439908,121513,NA,307269,0.4
UK Commercial Property REIT Limited,4160249,Diversified REIT,Europe,United Kingdom,1352986,197849,969.4,1126976,0.18
UMC Pamco Retail CR-Reit Co. Ltd.,7566363,Specialty REIT,Asia-Pacific,South Korea,NA,NA,NA,NA,NA
"UMH Properties, Inc.",103232,Residential REIT,United States and Canada,USA,1089413,562286,1144.1,501808,1.12
Unibail-Rodamco-Westfield,4143719,Retail REIT,Europe,France,57277800,28254800,9186,22795000,1.24
"Única Real Estate Socimi, S.A.",10330913,Diversified REIT,Europe,Spain,42073,14742,NA,26512,0.56
"Union Pier Enterprises, LLC",10976012,Residential REIT,United States and Canada,USA,NA,NA,NA,NA,NA
Unison Realty Partners LLC,5854092,Retail REIT,United States and Canada,USA,NA,NA,NA,NA,NA
Unite Group Plc,4143615,Residential REIT,Europe,United Kingdom,5231900,1791000,4395.4,3260000,0.55
"United Dominion Realty, L.P.",4064476,Residential REIT,United States and Canada,USA,2457567,1106939,NA,1248432,0.89
United Hampshire US Real Estate Investment Trust,19904443,Retail REIT,Asia-Pacific,Singapore,629567,241169,342.2,377229,0.64
United Investors Realty Trust,103526,Retail REIT,United States and Canada,USA,159983,86010,NA,65607,1.31
United Urban Investment Corporation,4143335,Diversified REIT,Asia-Pacific,Japan,704135,299833,440.9,365797,0.82
Uniti Group Inc.,4584941,Specialty REIT,United States and Canada,USA,4731818,4936731,3378.3,"(2,072,376)",NM
Uniti Group LP LLC,7971631,Industrial REIT,United States and Canada,USA,NA,NA,NA,NA,NA
Uniti Group Operating Partnership,4585465,Specialty REIT,United States and Canada,USA,NA,NA,NA,NA,NA
Universal Health Realty Income Trust,103026,Healthcare REIT,United States and Canada,USA,494009,304009,790.2,159005,1.91
Uoa Real Estate Investment,4862606,Office REIT,Asia-Pacific,Malaysia,1763840,704023,756.7,980299,0.72
Uob Apartment Property Fund 1,5749350,Residential REIT,Asia-Pacific,Thailand,481796,0,NA,458794,NA
Urban Edge Properties,4546387,Retail REIT,United States and Canada,USA,2939560,1665497,2129.5,995893,1.67
Urban Investment Partners LLC,5800436,Residential REIT,United States and Canada,USA,NA,NA,NA,NA,NA
Urban Logistics REIT plc,4679495,Industrial REIT,Europe,United Kingdom,611676,206202,552.4,387455,0.53
Urban Shopping Centers L.P.,8304685,Retail REIT,United States and Canada,USA,NA,NA,NA,NA,NA
"Urban Shopping Centers, Inc.",103070,Retail REIT,United States and Canada,USA,1848318,1080452,NA,312919,3.45
"Urban View Development Spain Socimi, S.A.",13378754,Residential REIT,Europe,Spain,85435,19634,38.1,60954,0.32
Urbana Property Fund (leasehold),4864131,Self-Storage REIT,Asia-Pacific,Thailand,543840,240978,193,299369,0.81
Ures-Meritz 1,5749386,Self-Storage REIT,Asia-Pacific,South Korea,119343,58000,NA,52599,1.1
"Uro Property Holdings SOCIMI, S.A.",4864190,Office REIT,Europe,Spain,1524383,1298477,160.2,172207,7.54
Urstadt Biddle Properties Inc.,4078030,Retail REIT,United States and Canada,USA,1010179,334434,753.2,571071,0.59
US Industrial REIT III-Container,5878579,Diversified REIT,United States and Canada,USA,NA,NA,NA,NA,NA
US Masters Residential Property Fund,4686007,Residential REIT,Asia-Pacific,Australia,1033220,568610,128.7,409676,1.39
US Restaurant Properties Master LP,4038952,Hotel REIT,United States and Canada,USA,NA,NA,NA,NA,NA
USA Real Estate Investment Trust,103483,Diversified REIT,United States and Canada,USA,1018,0,NA,1017,0
USP Real Estate Investment Trust,103027,Diversified REIT,United States and Canada,USA,26380,9359,NA,16231,0.58
Vakif Gayrimenkul Yatirim Ortakligi AS,4863553,Office REIT,Europe,Turkey,2928981,394840,1540,1444475,0.27
Valad Europe Ltd,4576924,Diversified REIT,Europe,United Kingdom,63542,0,NA,1272,NA
"Value Partners, Inc.",8541346,Retail REIT,United States and Canada,USA,NA,NA,NA,NA,NA
Value Property Trust,102980,Diversified REIT,United States and Canada,USA,159082,18222,NA,139512,0.13
Vanguard Real Estate Fund I,103031,Retail REIT,United States and Canada,USA,38156,2281,NA,35168,0.06
Vanguard Real Estate Fund II,103032,Diversified REIT,United States and Canada,USA,28364,6115,NA,19745,0.31
VastNed Offices/Industrial N.V.,4143792,Office REIT,Europe,Netherlands,1046009,560448,NA,432311,1.3
Vastned Retail Belgium SA,4204275,Retail REIT,Europe,Belgium,333494,93061,151.8,235033,0.4
Vastned Retail N.V.,4143799,Retail REIT,Europe,Netherlands,1502505,636996,422.8,818293,0.78
"VBARE Iberian Properties SOCIMI, S.A.",4978361,Residential REIT,Europe,Spain,76051,19441,30.6,55626,0.35
Vectrane,4217811,Diversified REIT,Europe,France,719353,290256,NA,355556,0.82
Veneto Capital Management,27685610,Diversified REIT,United States and Canada,USA,NA,NA,NA,NA,NA
"Ventas Realty, Limited Partnership",4218772,Healthcare REIT,United States and Canada,USA,779483,623368,NA,102044,6.11
"Ventas, Inc.",4046115,Healthcare REIT,United States and Canada,USA,23929404,12107963,21660.5,10278191,1.18
"Verde Realty, LLC",5760789,Industrial REIT,United States and Canada,USA,1125916,611744,NA,461245,1.33
"VEREIT, Inc.",4280143,Diversified REIT,United States and Canada,USA,13355056,6122169,11565.2,6842216,0.89
"Vertical Bridge REIT, LLC",5856467,Self-Storage REIT,United States and Canada,USA,NA,NA,NA,NA,NA
Vertical Nursing Partners LP,10843306,Specialty REIT,United States and Canada,USA,NA,NA,NA,NA,NA
Via Gayrimenkul Yatirim Ortakligi A.S.,6659769,Diversified REIT,Europe,Turkey,3264010,972969,NA,1815282,0.54
VICI Properties Inc.,6614190,Specialty REIT,United States and Canada,USA,17063613,7067415,18981.6,9493745,0.74
Vicinity Centres,4143464,Retail REIT,Asia-Pacific,Australia,14297800,3670400,8125.8,9881300,0.37
Vicinity Limited,5750634,Retail REIT,Asia-Pacific,Australia,5249727,1327630,NA,3589432,0.37
VinaLand Limited,4217813,Diversified REIT,Asia-Pacific,Vietnam,4433,0,NA,875,0
"VineBrook Homes Trust, Inc.",13392101,Residential REIT,United States and Canada,USA,779968,347709,NA,174322,1.99
Vinings Investment Properties Trust,102978,Residential REIT,United States and Canada,USA,66901,56607,NA,8087,7
Vinland Property Trust,5745199,Diversified REIT,United States and Canada,USA,28757,17516,NA,9869,1.78
Vintage Wine Trust Inc.,4108900,Specialty REIT,United States and Canada,USA,171802,23725,NA,145027,0.16
"Virtu Investments, LLC",5799718,Diversified REIT,United States and Canada,USA,NA,NA,NA,NA,NA
Vital Healthcare Property Trust,4861812,Healthcare REIT,Asia-Pacific,New Zealand,2662560,974555,1656.4,1503451,0.65
Vitalharvest Freehold Trust,10869123,Specialty REIT,Asia-Pacific,Australia,285631,102420,NA,168181,0.61
"Vitruvio Real Estate SOCIMI, S.A.",4863352,Diversified REIT,Europe,Spain,159862,57108,93.1,97926,0.58
Viva Industrial REIT,5841137,Industrial REIT,Asia-Pacific,Singapore,NA,NA,NA,NA,NA
Viva Industrial Trust,4415803,Diversified REIT,Asia-Pacific,Singapore,1318395,520544,NA,746572,0.7
Vivion Capital Partners SA,11202636,Office REIT,Europe,Luxembourg,369157,317650,NA,51490,NA
Vornado Operating Company,4045444,Diversified REIT,United States and Canada,USA,1357,25394,NA,"(24,218)",NM
Vornado Realty LP,4064376,Office REIT,United States and Canada,USA,16221822,7916039,NA,7047210,1.12
Vornado Realty Trust,103050,Office REIT,United States and Canada,USA,16221822,7800004,8601.1,6948155,1.12
W. P. Carey Inc.,4054624,Diversified REIT,United States and Canada,USA,14707636,6847464,14680.3,6878369,1
"Walden Residential Properties, Inc.",103140,Residential REIT,United States and Canada,USA,1552273,806867,NA,532706,1.51
Walls & Futures Reit Plc,4978127,Residential REIT,Europe,United Kingdom,3870,30,1.8,3819,0.01
Warehouse REIT plc,7688137,Industrial REIT,Europe,United Kingdom,840241,233996,677.2,574091,0.41
Warehouses De Pauw,4143707,Industrial REIT,Europe,Belgium,4790405,2165660,7224.6,2403793,0.9
Warehouses Estates Belgium S.C.A.,4204286,Diversified REIT,Europe,Belgium,304530,138903,123.8,158753,0.88
Warner Estate Holdings Plc,4143626,Diversified REIT,Europe,United Kingdom,28100,88700,NA,"(87,500)",NM
Washington Prime Group Inc.,4437925,Retail REIT,United States and Canada,USA,4105347,3232719,NA,601198,5.38
Washington Real Estate Investment Trust,103036,Diversified REIT,United States and Canada,USA,2409818,991102,2133.8,1321109,0.75
WashREIT Watergate 600 OP LP,19626182,Diversified REIT,United States and Canada,USA,NA,NA,NA,NA,NA
Watermark Investors Realty Trust,107221,Specialty REIT,United States and Canada,USA,38,395,NA,(703),(0.56)
"Watermark Lodging Trust, Inc.",4256401,Hotel REIT,United States and Canada,USA,3419326,2458693,NA,786416,3.13
"Waypoint Homes Realty Trust, Inc.",4391029,Residential REIT,United States and Canada,USA,NA,NA,NA,NA,NA
Waypoint REIT,4778956,Retail REIT,Asia-Pacific,Australia,2930600,845800,2193.6,1953200,0.43
WEA Finance (Aust.) Pty Ltd.,7593099,Retail REIT,Asia-Pacific,Australia,NA,NA,NA,NA,NA
Wealth Grow Investments,20295293,Residential REIT,United States and Canada,USA,NA,NA,NA,NA,NA
Weeks Corporation,103189,Diversified REIT,United States and Canada,USA,1447592,654424,NA,514912,1.27
"Weigand-Omega Management, Inc.",11192949,Retail REIT,United States and Canada,USA,506,NA,NA,311,NA
Weingarten Realty Investors,103037,Retail REIT,United States and Canada,USA,3961400,1881307,NA,1800502,1.04
Wellbrook Properties Inc.,4093784,Retail REIT,United States and Canada,USA,612,0,NA,610,NA
"Wells Total Return REIT, Inc.",4160394,Diversified REIT,United States and Canada,USA,NA,NA,NA,NA,NA
Wellsford Residential Property Trust,103049,Residential REIT,United States and Canada,USA,756289,349302,NA,376687,0.93
Welltower Inc.,102952,Healthcare REIT,United States and Canada,USA,32483642,14216986,34244.5,16881572,0.84
"Welsh Property Trust, Inc.",4252664,Industrial REIT,United States and Canada,USA,796019,356642,NA,418135,0.85
Wereldhave Belgium,4149701,Retail REIT,Europe,Belgium,944218,262683,423.3,650548,0.4
Wereldhave N.V.,4143802,Retail REIT,Europe,Netherlands,2742746,1272699,540.9,1334683,0.95
"West Paces Ferry Healthcare REIT, Inc.",4438274,Healthcare REIT,United States and Canada,USA,NA,NA,NA,NA,NA
Westerlinds,14718374,Specialty REIT,Europe,Sweden,NA,NA,NA,NA,NA
Western Properties Trust,103035,Retail REIT,United States and Canada,USA,427266,219150,NA,180629,1.21
Westfield America Limited Partnership,4064259,Retail REIT,United States and Canada,USA,NA,NA,NA,NA,NA
Westfield America Trust,5742192,Retail REIT,Asia-Pacific,Australia,15507200,8992200,NA,4232400,2.13
"Westfield America, Inc.",103135,Retail REIT,United States and Canada,USA,3829605,2641330,NA,567795,4.65
Westfield Corporation,4547452,Retail REIT,Asia-Pacific,Australia,NA,NA,NA,NA,NA
Westfield Corporation,4580095,Retail REIT,Asia-Pacific,Australia,21254300,7490700,NA,10879000,0.69
Westfield Group,4143497,Retail REIT,Asia-Pacific,Australia,34908000,14079100,NA,15340700,0.92
Westfield Retail Trust,4275473,Retail REIT,Asia-Pacific,Australia,13792500,3148800,NA,10475300,0.3
Wetterau Properties Inc.,103038,Retail REIT,United States and Canada,USA,94985,84524,NA,8310,10.17
Weyerhaeuser Company,4006248,Specialty REIT,United States and Canada,USA,16311000,5608000,27847,8731000,0.64
WHA Business Complex Freehold and Leasehold Real Estate Investment Trust,4864504,Office REIT,Asia-Pacific,Thailand,2746667,498052,1828.1,2185037,0.23
WHA Premium Growth Freehold And Leasehold Real Estate Investment Trust,4863311,Industrial REIT,Asia-Pacific,Thailand,42594998,10792893,36101,30413167,0.36
"Wheeler Real Estate Investment Trust, Inc.",4305469,Retail REIT,United States and Canada,USA,489379,360304,25.3,16849,21.38
"Whiteni Rcajal Socimi, S.A.",10691704,Office REIT,Europe,Spain,21852,10595,16.8,5940,1.78
Whiterock Real Estate Investment Trust,4143684,Office REIT,United States and Canada,Canada,963491,487264,NA,454238,1.07
Whitestone REIT,4087483,Retail REIT,United States and Canada,USA,1045002,644788,456.2,338326,1.91
"Whitestone REIT Operating Partnership, L.P.",4383505,Retail REIT,United States and Canada,USA,507974,265508,NA,220915,1.2
Wilkinson Good Neighbor Communities Real Estate Investment Trust,5759692,Healthcare REIT,United States and Canada,Canada,NA,NA,NA,NA,NA
"Wind International, Inc.",7493680,Hotel REIT,United States and Canada,USA,NA,NA,NA,NA,NA
Windrose Medical Properties Trust,4076231,Healthcare REIT,United States and Canada,USA,702436,435147,NA,238165,1.83
"Windrose Medical Properties, L.P.",5751037,Healthcare REIT,United States and Canada,USA,NA,NA,NA,NA,NA
"Winston Hotels, Inc.",103168,Hotel REIT,United States and Canada,USA,540209,239544,NA,258969,0.92
Winthrop Realty Trust,102951,Diversified REIT,United States and Canada,USA,745629,172095,NA,516396,0.33
Wisconsin Real Estate Investment Trust,5745201,Diversified REIT,United States and Canada,USA,NA,NA,NA,NA,NA
"WNY Group, Inc.",5742031,Residential REIT,United States and Canada,USA,NA,NA,NA,NA,NA
Workspace Group Plc,4143630,Office REIT,Europe,United Kingdom,2593600,779100,1531.9,1719500,0.45
Workspace Property Trust,7674215,Office REIT,United States and Canada,USA,1260490,1107658,NA,109561,10.11
Wotso Property,4864337,Diversified REIT,Asia-Pacific,Australia,420269,140685,224.8,272530,0.52
WPT Industrial Real Estate Investment Trust,4387026,Industrial REIT,United States and Canada,Canada,2545940,1279457,NA,1171087,1.09
"WPT Industrial, LP",4604174,Industrial REIT,United States and Canada,Canada,NA,NA,NA,NA,NA
WPVC Inc.,4980227,Diversified REIT,United States and Canada,Canada,314,0,NA,309,NA
Xalam Investments LLC,10853807,Diversified REIT,United States and Canada,USA,NA,NA,NA,NA,NA
"Xenia Hotels & Resorts, Inc.",4552942,Hotel REIT,United States and Canada,USA,3079603,1398458,2021.5,1566863,0.89
XHR LP,4553419,Hotel REIT,United States and Canada,USA,NA,NA,NA,NA,NA
"Xi'an Investment Holding Co., Ltd.",5699311,Healthcare REIT,Asia-Pacific,China,NA,NA,NA,NA,NA
Xior Student Housing NV,4864510,Residential REIT,Europe,Belgium,1620316,823491,1275.4,659503,1.25
XYMAX REIT Investment Corporation,9781643,Diversified REIT,Asia-Pacific,Japan,38971,14050,25.8,23234,0.6
Yeni Gimat Gayrimenkul Yatirim Ortakligi A.S.,4864246,Retail REIT,Europe,Turkey,2234542,349,2397.4,2203188,0
Yesil Gayrimenkul Yatirim Ortakligi A.S.,4863887,Diversified REIT,Europe,Turkey,2033991,938077,206.9,"(402,465)",(2.33)
Yew Grove REIT plc,10644484,Diversified REIT,Europe,Ireland,154759,38539,124.9,111603,0.35
Yilian Holding Group,28777794,Diversified REIT,Asia-Pacific,China,NA,NA,NA,NA,NA
Yolea Ltd,14838354,Healthcare REIT,Europe,United Kingdom,NA,NA,NA,NA,NA
YTL Hospitality REIT,4863957,Hotel REIT,Asia-Pacific,Malaysia,4871874,2085463,1678.8,2705319,0.77
Yuexiu Real Estate Investment Trust,4264461,Diversified REIT,Asia-Pacific,Hong Kong,36260137,14020826,12243.9,15772666,0.89
"Zambal Spain Socimi, S.A.",4999910,Office REIT,Europe,Spain,838089,50014,781.2,777299,0.06
"Zaragoza Properties, S.A.",4864501,Hotel REIT,Europe,Spain,386875,401715,NA,"(24,522)",(16.38)
Zenith Properties REIT,5786325,Diversified REIT,Europe,Bulgaria,2001,0,0.7,2000,NA
"Zhejiang Xiangyuan Industrial Co., Ltd.",9783512,Industrial REIT,Asia-Pacific,China,NA,NA,NA,NA,NA
Zheshang Securities Zhejiang Expressway,29249034,Self-Storage REIT,Asia-Pacific,China,2895721,500588,31049.5,2254052,0.22
Zibel Real Estate,27766084,Diversified REIT,Europe,United Kingdom,NA,NA,NA,NA,NA
Ziraat Gayrimenkul Yatirim Ortakligi A.S.,28753472,Diversified REIT,Europe,Turkey,5435903,201481,7650.6,5090558,0.04
Ziz Properties Limited,19541397,Hotel REIT,Europe,United Kingdom,15641,14424,NA,108,NA
ZWING,14304122,Retail REIT,Asia-Pacific,India,NA,NA,NA,NA,NA
